path,status,reason,W,H,mean_gray,std_gray,black_ratio,white_ratio
D:\GitHub\AI-for-Agriculture-2026\dataset\train\RGB\Health_hyper_1.png,ok,,64,64,143.26473999023438,67.74177551269531,0.029541015625,0.033447265625
D:\GitHub\AI-for-Agriculture-2026\dataset\train\RGB\Health_hyper_10.png,ok,,64,64,122.68687438964844,52.35262680053711,0.029296875,0.018798828125
D:\GitHub\AI-for-Agriculture-2026\dataset\train\RGB\Health_hyper_100.png,ok,,64,64,96.01200866699219,55.828208923339844,0.021484375,0.00244140625
D:\GitHub\AI-for-Agriculture-2026\dataset\train\RGB\Health_hyper_101.png,ok,,64,64,85.33917236328125,57.77259826660156,0.03466796875,0.02294921875
D:\GitHub\AI-for-Agriculture-2026\dataset\train\RGB\Health_hyper_102.png,ok,,64,64,122.62800598144531,63.14954376220703,0.0341796875,0.02197265625
D:\GitHub\AI-for-Agriculture-2026\dataset\train\RGB\Health_hyper_103.png,ok,,64,64,85.26355743408203,53.25539016723633,0.038818359375,0.024169921875
D:\GitHub\AI-for-Agriculture-2026\dataset\train\RGB\Health_hyper_104.png,ok,,64,64,113.77342987060547,61.420528411865234,0.031494140625,0.028564453125
D:\GitHub\AI-for-Agriculture-2026\dataset\train\RGB\Health_hyper_105.png,ok,,64,64,128.8391571044922,66.68040466308594,0.03857421875,0.01904296875
D:\GitHub\AI-for-Agriculture-2026\dataset\train\RGB\Health_hyper_106.png,ok,,64,64,148.50686645507812,58.65410614013672,0.017333984375,0.02978515625
D:\GitHub\AI-for-Agriculture-2026\dataset\train\RGB\Health_hyper_107.png,ok,,64,64,116.23275756835938,66.29612731933594,0.0439453125,0.028076171875
D:\GitHub\AI-for-Agriculture-2026\dataset\train\RGB\Health_hyper_108.png,ok,,64,64,143.72525024414062,56.96364212036133,0.027099609375,0.016845703125
D:\GitHub\AI-for-Agriculture-2026\dataset\train\RGB\Health_hyper_109.png,ok,,64,64,135.41888427734375,57.18168258666992,0.025390625,0.0234375
D:\GitHub\AI-for-Agriculture-2026\dataset\train\RGB\Health_hyper_11.png,ok,,64,64,124.23957824707031,68.2037353515625,0.03662109375,0.0302734375
D:\GitHub\AI-for-Agriculture-2026\dataset\train\RGB\Health_hyper_110.png,ok,,64,64,128.58038330078125,68.27339172363281,0.037109375,0.0341796875
D:\GitHub\AI-for-Agriculture-2026\dataset\train\RGB\Health_hyper_111.png,ok,,64,64,131.40603637695312,68.99238586425781,0.03466796875,0.03662109375
D:\GitHub\AI-for-Agriculture-2026\dataset\train\RGB\Health_hyper_112.png,ok,,64,64,128.89743041992188,60.74076461791992,0.02978515625,0.01953125
D:\GitHub\AI-for-Agriculture-2026\dataset\train\RGB\Health_hyper_113.png,ok,,64,64,162.93838500976562,48.87298583984375,0.025390625,0.018798828125
D:\GitHub\AI-for-Agriculture-2026\dataset\train\RGB\Health_hyper_114.png,ok,,64,64,115.26984405517578,52.883060455322266,0.021484375,0.00341796875
D:\GitHub\AI-for-Agriculture-2026\dataset\train\RGB\Health_hyper_115.png,ok,,64,64,102.8291015625,65.78573608398438,0.0380859375,0.02587890625
D:\GitHub\AI-for-Agriculture-2026\dataset\train\RGB\Health_hyper_116.png,ok,,64,64,112.14728546142578,59.41225814819336,0.04052734375,0.02392578125
D:\GitHub\AI-for-Agriculture-2026\dataset\train\RGB\Health_hyper_117.png,ok,,64,64,116.6094970703125,56.54547119140625,0.02490234375,0.004150390625
D:\GitHub\AI-for-Agriculture-2026\dataset\train\RGB\Health_hyper_118.png,ok,,64,64,115.37110137939453,62.62852478027344,0.049072265625,0.0234375
D:\GitHub\AI-for-Agriculture-2026\dataset\train\RGB\Health_hyper_119.png,ok,,64,64,106.8001708984375,62.99080276489258,0.04052734375,0.022216796875
D:\GitHub\AI-for-Agriculture-2026\dataset\train\RGB\Health_hyper_12.png,flagged,"near_black,low_contrast",64,64,0.0,0.0,1.0,0.0
D:\GitHub\AI-for-Agriculture-2026\dataset\train\RGB\Health_hyper_120.png,ok,,64,64,110.93098449707031,54.81056594848633,0.029052734375,0.024169921875
D:\GitHub\AI-for-Agriculture-2026\dataset\train\RGB\Health_hyper_121.png,ok,,64,64,115.00948333740234,56.95999526977539,0.028564453125,0.028076171875
D:\GitHub\AI-for-Agriculture-2026\dataset\train\RGB\Health_hyper_122.png,ok,,64,64,113.68260955810547,66.89823150634766,0.041748046875,0.025146484375
D:\GitHub\AI-for-Agriculture-2026\dataset\train\RGB\Health_hyper_123.png,ok,,64,64,135.55027770996094,62.86826705932617,0.038330078125,0.026123046875
D:\GitHub\AI-for-Agriculture-2026\dataset\train\RGB\Health_hyper_124.png,ok,,64,64,116.58438873291016,61.65005111694336,0.031005859375,0.025146484375
D:\GitHub\AI-for-Agriculture-2026\dataset\train\RGB\Health_hyper_125.png,ok,,64,64,116.89530944824219,58.48297882080078,0.02734375,0.025390625
D:\GitHub\AI-for-Agriculture-2026\dataset\train\RGB\Health_hyper_126.png,ok,,64,64,84.60211181640625,59.96353530883789,0.041259765625,0.0234375
D:\GitHub\AI-for-Agriculture-2026\dataset\train\RGB\Health_hyper_127.png,ok,,64,64,133.9120330810547,60.89169692993164,0.028564453125,0.022216796875
D:\GitHub\AI-for-Agriculture-2026\dataset\train\RGB\Health_hyper_128.png,ok,,64,64,103.46263122558594,64.87954711914062,0.045654296875,0.030029296875
D:\GitHub\AI-for-Agriculture-2026\dataset\train\RGB\Health_hyper_129.png,ok,,64,64,104.16941833496094,61.91995620727539,0.03173828125,0.026123046875
D:\GitHub\AI-for-Agriculture-2026\dataset\train\RGB\Health_hyper_13.png,ok,,64,64,128.44456481933594,52.27256774902344,0.02490234375,0.007080078125
D:\GitHub\AI-for-Agriculture-2026\dataset\train\RGB\Health_hyper_130.png,ok,,64,64,128.511474609375,60.10651397705078,0.0283203125,0.021728515625
D:\GitHub\AI-for-Agriculture-2026\dataset\train\RGB\Health_hyper_131.png,ok,,64,64,121.47340393066406,54.18088912963867,0.0283203125,0.00146484375
D:\GitHub\AI-for-Agriculture-2026\dataset\train\RGB\Health_hyper_132.png,ok,,64,64,148.26434326171875,68.05883026123047,0.0322265625,0.033203125
D:\GitHub\AI-for-Agriculture-2026\dataset\train\RGB\Health_hyper_133.png,ok,,64,64,125.18106842041016,60.27006530761719,0.029296875,0.015869140625
D:\GitHub\AI-for-Agriculture-2026\dataset\train\RGB\Health_hyper_134.png,ok,,64,64,114.25146484375,63.89003372192383,0.047119140625,0.01953125
D:\GitHub\AI-for-Agriculture-2026\dataset\train\RGB\Health_hyper_135.png,ok,,64,64,154.8757781982422,67.08235168457031,0.030029296875,0.043212890625
D:\GitHub\AI-for-Agriculture-2026\dataset\train\RGB\Health_hyper_136.png,ok,,64,64,148.79568481445312,68.16842651367188,0.03564453125,0.02392578125
D:\GitHub\AI-for-Agriculture-2026\dataset\train\RGB\Health_hyper_137.png,ok,,64,64,130.96339416503906,66.45494079589844,0.04150390625,0.024658203125
D:\GitHub\AI-for-Agriculture-2026\dataset\train\RGB\Health_hyper_138.png,ok,,64,64,113.531005859375,57.702880859375,0.027099609375,0.013671875
D:\GitHub\AI-for-Agriculture-2026\dataset\train\RGB\Health_hyper_139.png,ok,,64,64,130.89047241210938,56.0445556640625,0.02685546875,0.0234375
D:\GitHub\AI-for-Agriculture-2026\dataset\train\RGB\Health_hyper_14.png,ok,,64,64,108.24952697753906,62.962791442871094,0.04296875,0.02587890625
D:\GitHub\AI-for-Agriculture-2026\dataset\train\RGB\Health_hyper_140.png,ok,,64,64,72.4647445678711,57.83125305175781,0.10546875,0.02294921875
D:\GitHub\AI-for-Agriculture-2026\dataset\train\RGB\Health_hyper_141.png,ok,,64,64,107.60836791992188,68.92593383789062,0.060302734375,0.031982421875
D:\GitHub\AI-for-Agriculture-2026\dataset\train\RGB\Health_hyper_142.png,ok,,64,64,118.52729797363281,64.98379516601562,0.026123046875,0.031494140625
D:\GitHub\AI-for-Agriculture-2026\dataset\train\RGB\Health_hyper_143.png,ok,,64,64,126.00181579589844,61.2894172668457,0.031494140625,0.019287109375
D:\GitHub\AI-for-Agriculture-2026\dataset\train\RGB\Health_hyper_144.png,ok,,64,64,103.83833312988281,65.23464965820312,0.035888671875,0.022216796875
D:\GitHub\AI-for-Agriculture-2026\dataset\train\RGB\Health_hyper_145.png,ok,,64,64,93.17732238769531,62.358848571777344,0.052734375,0.02392578125
D:\GitHub\AI-for-Agriculture-2026\dataset\train\RGB\Health_hyper_146.png,ok,,64,64,121.3067855834961,60.21061325073242,0.035888671875,0.024169921875
D:\GitHub\AI-for-Agriculture-2026\dataset\train\RGB\Health_hyper_147.png,ok,,64,64,129.08712768554688,61.88741683959961,0.039794921875,0.015625
D:\GitHub\AI-for-Agriculture-2026\dataset\train\RGB\Health_hyper_148.png,ok,,64,64,125.08108520507812,64.90519714355469,0.031494140625,0.024169921875
D:\GitHub\AI-for-Agriculture-2026\dataset\train\RGB\Health_hyper_149.png,ok,,64,64,111.79441833496094,62.369285583496094,0.063720703125,0.022705078125
D:\GitHub\AI-for-Agriculture-2026\dataset\train\RGB\Health_hyper_15.png,ok,,64,64,131.5843505859375,66.92979431152344,0.0419921875,0.02783203125
D:\GitHub\AI-for-Agriculture-2026\dataset\train\RGB\Health_hyper_150.png,ok,,64,64,116.41564178466797,59.63274383544922,0.02978515625,0.023681640625
D:\GitHub\AI-for-Agriculture-2026\dataset\train\RGB\Health_hyper_151.png,ok,,64,64,109.46694946289062,58.73487854003906,0.03515625,0.022705078125
D:\GitHub\AI-for-Agriculture-2026\dataset\train\RGB\Health_hyper_152.png,ok,,64,64,131.78030395507812,56.30379104614258,0.02587890625,0.00439453125
D:\GitHub\AI-for-Agriculture-2026\dataset\train\RGB\Health_hyper_153.png,flagged,"near_black,low_contrast",64,64,0.0,0.0,1.0,0.0
D:\GitHub\AI-for-Agriculture-2026\dataset\train\RGB\Health_hyper_154.png,ok,,64,64,111.93675994873047,65.54277038574219,0.042724609375,0.026123046875
D:\GitHub\AI-for-Agriculture-2026\dataset\train\RGB\Health_hyper_155.png,ok,,64,64,125.24565124511719,55.884071350097656,0.037353515625,0.006591796875
D:\GitHub\AI-for-Agriculture-2026\dataset\train\RGB\Health_hyper_156.png,ok,,64,64,112.32833862304688,57.453006744384766,0.029541015625,0.016357421875
D:\GitHub\AI-for-Agriculture-2026\dataset\train\RGB\Health_hyper_157.png,ok,,64,64,113.498291015625,63.947208404541016,0.039794921875,0.016845703125
D:\GitHub\AI-for-Agriculture-2026\dataset\train\RGB\Health_hyper_158.png,ok,,64,64,140.32144165039062,55.0989990234375,0.0361328125,0.00537109375
D:\GitHub\AI-for-Agriculture-2026\dataset\train\RGB\Health_hyper_159.png,ok,,64,64,110.66606140136719,75.19843292236328,0.062744140625,0.0361328125
D:\GitHub\AI-for-Agriculture-2026\dataset\train\RGB\Health_hyper_16.png,ok,,64,64,111.17720031738281,62.868003845214844,0.044677734375,0.02587890625
D:\GitHub\AI-for-Agriculture-2026\dataset\train\RGB\Health_hyper_160.png,ok,,64,64,124.86042785644531,60.08291244506836,0.03271484375,0.01806640625
D:\GitHub\AI-for-Agriculture-2026\dataset\train\RGB\Health_hyper_161.png,ok,,64,64,113.69612884521484,65.46813201904297,0.0439453125,0.02880859375
D:\GitHub\AI-for-Agriculture-2026\dataset\train\RGB\Health_hyper_162.png,ok,,64,64,166.54397583007812,59.57894515991211,0.02783203125,0.0322265625
D:\GitHub\AI-for-Agriculture-2026\dataset\train\RGB\Health_hyper_163.png,ok,,64,64,123.40031433105469,56.43893051147461,0.025390625,0.025390625
D:\GitHub\AI-for-Agriculture-2026\dataset\train\RGB\Health_hyper_164.png,ok,,64,64,121.78659057617188,59.322471618652344,0.034912109375,0.022705078125
D:\GitHub\AI-for-Agriculture-2026\dataset\train\RGB\Health_hyper_165.png,ok,,64,64,120.44888305664062,61.51835250854492,0.02978515625,0.0283203125
D:\GitHub\AI-for-Agriculture-2026\dataset\train\RGB\Health_hyper_166.png,ok,,64,64,100.95440673828125,63.4245719909668,0.013671875,0.02783203125
D:\GitHub\AI-for-Agriculture-2026\dataset\train\RGB\Health_hyper_167.png,flagged,"near_black,low_contrast",64,64,0.0,0.0,1.0,0.0
D:\GitHub\AI-for-Agriculture-2026\dataset\train\RGB\Health_hyper_168.png,ok,,64,64,155.86854553222656,39.47999954223633,0.03515625,0.029541015625
D:\GitHub\AI-for-Agriculture-2026\dataset\train\RGB\Health_hyper_169.png,ok,,64,64,128.87681579589844,54.07474899291992,0.030517578125,0.01416015625
D:\GitHub\AI-for-Agriculture-2026\dataset\train\RGB\Health_hyper_17.png,ok,,64,64,108.81748962402344,63.18540573120117,0.035400390625,0.02294921875
D:\GitHub\AI-for-Agriculture-2026\dataset\train\RGB\Health_hyper_170.png,ok,,64,64,111.107421875,53.589881896972656,0.02880859375,0.02001953125
D:\GitHub\AI-for-Agriculture-2026\dataset\train\RGB\Health_hyper_171.png,ok,,64,64,114.38133239746094,55.55836868286133,0.02685546875,0.012451171875
D:\GitHub\AI-for-Agriculture-2026\dataset\train\RGB\Health_hyper_172.png,ok,,64,64,125.08560180664062,59.952919006347656,0.031982421875,0.024658203125
D:\GitHub\AI-for-Agriculture-2026\dataset\train\RGB\Health_hyper_173.png,ok,,64,64,173.72164916992188,55.04391098022461,0.025146484375,0.0283203125
D:\GitHub\AI-for-Agriculture-2026\dataset\train\RGB\Health_hyper_174.png,ok,,64,64,115.65866088867188,60.018951416015625,0.0234375,0.025634765625
D:\GitHub\AI-for-Agriculture-2026\dataset\train\RGB\Health_hyper_175.png,ok,,64,64,125.7005615234375,64.66313171386719,0.03564453125,0.0244140625
D:\GitHub\AI-for-Agriculture-2026\dataset\train\RGB\Health_hyper_176.png,ok,,64,64,89.21450805664062,59.12251663208008,0.068359375,0.0224609375
D:\GitHub\AI-for-Agriculture-2026\dataset\train\RGB\Health_hyper_177.png,ok,,64,64,120.56340026855469,61.17312240600586,0.023193359375,0.0166015625
D:\GitHub\AI-for-Agriculture-2026\dataset\train\RGB\Health_hyper_178.png,ok,,64,64,120.7259750366211,58.89544677734375,0.03125,0.021484375
D:\GitHub\AI-for-Agriculture-2026\dataset\train\RGB\Health_hyper_179.png,ok,,64,64,143.1153564453125,59.766746520996094,0.033203125,0.0078125
D:\GitHub\AI-for-Agriculture-2026\dataset\train\RGB\Health_hyper_18.png,ok,,64,64,136.76010131835938,57.926876068115234,0.02685546875,0.02001953125
D:\GitHub\AI-for-Agriculture-2026\dataset\train\RGB\Health_hyper_180.png,ok,,64,64,116.68561553955078,53.324058532714844,0.017578125,0.00390625
D:\GitHub\AI-for-Agriculture-2026\dataset\train\RGB\Health_hyper_181.png,ok,,64,64,104.63401794433594,57.08488464355469,0.0322265625,0.019775390625
D:\GitHub\AI-for-Agriculture-2026\dataset\train\RGB\Health_hyper_182.png,ok,,64,64,114.49198913574219,62.558292388916016,0.03662109375,0.02783203125
D:\GitHub\AI-for-Agriculture-2026\dataset\train\RGB\Health_hyper_183.png,ok,,64,64,111.05345153808594,57.20688247680664,0.02880859375,0.016357421875
D:\GitHub\AI-for-Agriculture-2026\dataset\train\RGB\Health_hyper_184.png,ok,,64,64,113.22906494140625,64.84437561035156,0.02978515625,0.0185546875
D:\GitHub\AI-for-Agriculture-2026\dataset\train\RGB\Health_hyper_185.png,ok,,64,64,119.78616333007812,58.0847282409668,0.022705078125,0.01611328125
D:\GitHub\AI-for-Agriculture-2026\dataset\train\RGB\Health_hyper_186.png,ok,,64,64,120.27957153320312,57.21162796020508,0.034912109375,0.013916015625
D:\GitHub\AI-for-Agriculture-2026\dataset\train\RGB\Health_hyper_187.png,ok,,64,64,130.04022216796875,68.68535614013672,0.037353515625,0.0048828125
D:\GitHub\AI-for-Agriculture-2026\dataset\train\RGB\Health_hyper_188.png,ok,,64,64,134.82266235351562,67.62875366210938,0.03857421875,0.023193359375
D:\GitHub\AI-for-Agriculture-2026\dataset\train\RGB\Health_hyper_189.png,ok,,64,64,107.07429504394531,57.11948776245117,0.043701171875,0.00048828125
D:\GitHub\AI-for-Agriculture-2026\dataset\train\RGB\Health_hyper_19.png,ok,,64,64,131.12799072265625,56.84764862060547,0.0263671875,0.01416015625
D:\GitHub\AI-for-Agriculture-2026\dataset\train\RGB\Health_hyper_190.png,ok,,64,64,124.91442108154297,60.084815979003906,0.029541015625,0.013916015625
D:\GitHub\AI-for-Agriculture-2026\dataset\train\RGB\Health_hyper_191.png,ok,,64,64,130.06260681152344,65.37722778320312,0.0361328125,0.01171875
D:\GitHub\AI-for-Agriculture-2026\dataset\train\RGB\Health_hyper_192.png,ok,,64,64,104.49354553222656,64.68963623046875,0.036376953125,0.0244140625
D:\GitHub\AI-for-Agriculture-2026\dataset\train\RGB\Health_hyper_193.png,ok,,64,64,140.04959106445312,55.4106330871582,0.02734375,0.023193359375
D:\GitHub\AI-for-Agriculture-2026\dataset\train\RGB\Health_hyper_194.png,ok,,64,64,123.32606506347656,63.83435821533203,0.037353515625,0.018798828125
D:\GitHub\AI-for-Agriculture-2026\dataset\train\RGB\Health_hyper_195.png,ok,,64,64,100.75538635253906,58.85178756713867,0.036376953125,0.026123046875
D:\GitHub\AI-for-Agriculture-2026\dataset\train\RGB\Health_hyper_196.png,ok,,64,64,123.75079345703125,60.55958938598633,0.02294921875,0.016357421875
D:\GitHub\AI-for-Agriculture-2026\dataset\train\RGB\Health_hyper_197.png,ok,,64,64,112.57339477539062,56.82065200805664,0.017578125,0.010009765625
D:\GitHub\AI-for-Agriculture-2026\dataset\train\RGB\Health_hyper_198.png,ok,,64,64,100.96965026855469,72.37767791748047,0.04638671875,0.03515625
D:\GitHub\AI-for-Agriculture-2026\dataset\train\RGB\Health_hyper_199.png,ok,,64,64,106.3731689453125,64.37989044189453,0.041259765625,0.021240234375
D:\GitHub\AI-for-Agriculture-2026\dataset\train\RGB\Health_hyper_2.png,ok,,64,64,120.08524322509766,50.51854705810547,0.02490234375,0.005859375
D:\GitHub\AI-for-Agriculture-2026\dataset\train\RGB\Health_hyper_20.png,ok,,64,64,127.77616882324219,60.314449310302734,0.029052734375,0.020751953125
D:\GitHub\AI-for-Agriculture-2026\dataset\train\RGB\Health_hyper_200.png,ok,,64,64,126.47409057617188,61.83704376220703,0.032958984375,0.018310546875
D:\GitHub\AI-for-Agriculture-2026\dataset\train\RGB\Health_hyper_21.png,ok,,64,64,131.06661987304688,52.130958557128906,0.02783203125,0.0205078125
D:\GitHub\AI-for-Agriculture-2026\dataset\train\RGB\Health_hyper_22.png,ok,,64,64,128.1492156982422,63.549598693847656,0.03759765625,0.026123046875
D:\GitHub\AI-for-Agriculture-2026\dataset\train\RGB\Health_hyper_23.png,flagged,"near_black,low_contrast",64,64,0.0,0.0,1.0,0.0
D:\GitHub\AI-for-Agriculture-2026\dataset\train\RGB\Health_hyper_24.png,ok,,64,64,138.8992919921875,64.76206970214844,0.039306640625,0.027587890625
D:\GitHub\AI-for-Agriculture-2026\dataset\train\RGB\Health_hyper_25.png,ok,,64,64,108.87003326416016,60.541770935058594,0.03857421875,0.017822265625
D:\GitHub\AI-for-Agriculture-2026\dataset\train\RGB\Health_hyper_26.png,flagged,"near_black,low_contrast",64,64,0.0,0.0,1.0,0.0
D:\GitHub\AI-for-Agriculture-2026\dataset\train\RGB\Health_hyper_27.png,ok,,64,64,132.65855407714844,57.8375358581543,0.031982421875,0.024169921875
D:\GitHub\AI-for-Agriculture-2026\dataset\train\RGB\Health_hyper_28.png,ok,,64,64,94.10594177246094,51.06407928466797,0.015869140625,0.01953125
D:\GitHub\AI-for-Agriculture-2026\dataset\train\RGB\Health_hyper_29.png,ok,,64,64,119.60227966308594,55.13957214355469,0.025390625,0.024169921875
D:\GitHub\AI-for-Agriculture-2026\dataset\train\RGB\Health_hyper_3.png,ok,,64,64,91.46826934814453,58.12949752807617,0.03466796875,0.0224609375
D:\GitHub\AI-for-Agriculture-2026\dataset\train\RGB\Health_hyper_30.png,ok,,64,64,119.625244140625,69.45527648925781,0.0341796875,0.032470703125
D:\GitHub\AI-for-Agriculture-2026\dataset\train\RGB\Health_hyper_31.png,ok,,64,64,117.23394012451172,74.69916534423828,0.035888671875,0.034912109375
D:\GitHub\AI-for-Agriculture-2026\dataset\train\RGB\Health_hyper_32.png,ok,,64,64,91.63972473144531,59.0257568359375,0.044677734375,0.020263671875
D:\GitHub\AI-for-Agriculture-2026\dataset\train\RGB\Health_hyper_33.png,ok,,64,64,90.69050598144531,56.260807037353516,0.031494140625,0.02490234375
D:\GitHub\AI-for-Agriculture-2026\dataset\train\RGB\Health_hyper_34.png,flagged,"near_black,low_contrast",64,64,0.0,0.0,1.0,0.0
D:\GitHub\AI-for-Agriculture-2026\dataset\train\RGB\Health_hyper_35.png,ok,,64,64,130.3865203857422,57.09458923339844,0.0205078125,0.01953125
D:\GitHub\AI-for-Agriculture-2026\dataset\train\RGB\Health_hyper_36.png,ok,,64,64,121.6580581665039,56.69353485107422,0.027587890625,0.018310546875
D:\GitHub\AI-for-Agriculture-2026\dataset\train\RGB\Health_hyper_37.png,ok,,64,64,126.27753448486328,57.021697998046875,0.020751953125,0.0146484375
D:\GitHub\AI-for-Agriculture-2026\dataset\train\RGB\Health_hyper_38.png,flagged,"near_black,low_contrast",64,64,0.0,0.0,1.0,0.0
D:\GitHub\AI-for-Agriculture-2026\dataset\train\RGB\Health_hyper_39.png,ok,,64,64,114.98365783691406,63.920265197753906,0.035888671875,0.02490234375
D:\GitHub\AI-for-Agriculture-2026\dataset\train\RGB\Health_hyper_4.png,ok,,64,64,112.13579559326172,57.13296890258789,0.02490234375,0.020263671875
D:\GitHub\AI-for-Agriculture-2026\dataset\train\RGB\Health_hyper_40.png,ok,,64,64,144.38339233398438,72.38851165771484,0.031494140625,0.047607421875
D:\GitHub\AI-for-Agriculture-2026\dataset\train\RGB\Health_hyper_41.png,ok,,64,64,97.54183959960938,51.108062744140625,0.033935546875,0.01806640625
D:\GitHub\AI-for-Agriculture-2026\dataset\train\RGB\Health_hyper_42.png,ok,,64,64,117.97750854492188,53.710269927978516,0.03369140625,0.022705078125
D:\GitHub\AI-for-Agriculture-2026\dataset\train\RGB\Health_hyper_43.png,ok,,64,64,104.638671875,57.05027770996094,0.041015625,0.02294921875
D:\GitHub\AI-for-Agriculture-2026\dataset\train\RGB\Health_hyper_44.png,ok,,64,64,95.33450317382812,55.111759185791016,0.024658203125,0.023681640625
D:\GitHub\AI-for-Agriculture-2026\dataset\train\RGB\Health_hyper_45.png,ok,,64,64,169.977294921875,59.85319900512695,0.02587890625,0.032958984375
D:\GitHub\AI-for-Agriculture-2026\dataset\train\RGB\Health_hyper_46.png,ok,,64,64,148.17355346679688,70.28904724121094,0.039306640625,0.03271484375
D:\GitHub\AI-for-Agriculture-2026\dataset\train\RGB\Health_hyper_47.png,ok,,64,64,131.7496795654297,62.57448196411133,0.03515625,0.02783203125
D:\GitHub\AI-for-Agriculture-2026\dataset\train\RGB\Health_hyper_48.png,ok,,64,64,137.7889404296875,71.77763366699219,0.041015625,0.02685546875
D:\GitHub\AI-for-Agriculture-2026\dataset\train\RGB\Health_hyper_49.png,ok,,64,64,120.04389953613281,68.32012176513672,0.0458984375,0.028564453125
D:\GitHub\AI-for-Agriculture-2026\dataset\train\RGB\Health_hyper_5.png,ok,,64,64,102.18409729003906,63.07335662841797,0.046142578125,0.025390625
D:\GitHub\AI-for-Agriculture-2026\dataset\train\RGB\Health_hyper_50.png,ok,,64,64,117.6573486328125,60.2495002746582,0.032470703125,0.024658203125
D:\GitHub\AI-for-Agriculture-2026\dataset\train\RGB\Health_hyper_51.png,ok,,64,64,114.76327514648438,55.08145523071289,0.0322265625,0.016357421875
D:\GitHub\AI-for-Agriculture-2026\dataset\train\RGB\Health_hyper_52.png,ok,,64,64,112.49283599853516,52.98163986206055,0.01513671875,0.002685546875
D:\GitHub\AI-for-Agriculture-2026\dataset\train\RGB\Health_hyper_53.png,ok,,64,64,96.64997863769531,57.57437515258789,0.020751953125,0.006591796875
D:\GitHub\AI-for-Agriculture-2026\dataset\train\RGB\Health_hyper_54.png,ok,,64,64,104.29014587402344,58.881107330322266,0.0341796875,0.005859375
D:\GitHub\AI-for-Agriculture-2026\dataset\train\RGB\Health_hyper_55.png,ok,,64,64,124.99281311035156,68.82279968261719,0.039794921875,0.032958984375
D:\GitHub\AI-for-Agriculture-2026\dataset\train\RGB\Health_hyper_56.png,ok,,64,64,121.91035461425781,61.7965202331543,0.03369140625,0.02783203125
D:\GitHub\AI-for-Agriculture-2026\dataset\train\RGB\Health_hyper_57.png,ok,,64,64,127.01465606689453,61.910972595214844,0.027099609375,0.03173828125
D:\GitHub\AI-for-Agriculture-2026\dataset\train\RGB\Health_hyper_58.png,ok,,64,64,132.38743591308594,55.80149841308594,0.029296875,0.00537109375
D:\GitHub\AI-for-Agriculture-2026\dataset\train\RGB\Health_hyper_59.png,ok,,64,64,123.45085906982422,53.74904251098633,0.030029296875,0.0166015625
D:\GitHub\AI-for-Agriculture-2026\dataset\train\RGB\Health_hyper_6.png,ok,,64,64,118.56982421875,62.37096405029297,0.032470703125,0.00927734375
D:\GitHub\AI-for-Agriculture-2026\dataset\train\RGB\Health_hyper_60.png,ok,,64,64,119.98983764648438,57.567569732666016,0.026123046875,0.01806640625
D:\GitHub\AI-for-Agriculture-2026\dataset\train\RGB\Health_hyper_61.png,ok,,64,64,127.7503890991211,57.99752426147461,0.02392578125,0.02099609375
D:\GitHub\AI-for-Agriculture-2026\dataset\train\RGB\Health_hyper_62.png,ok,,64,64,114.62551879882812,61.59647750854492,0.037109375,0.023681640625
D:\GitHub\AI-for-Agriculture-2026\dataset\train\RGB\Health_hyper_63.png,ok,,64,64,118.15326690673828,52.24979019165039,0.01025390625,0.002197265625
D:\GitHub\AI-for-Agriculture-2026\dataset\train\RGB\Health_hyper_64.png,ok,,64,64,130.7145538330078,52.82318878173828,0.017578125,0.00244140625
D:\GitHub\AI-for-Agriculture-2026\dataset\train\RGB\Health_hyper_65.png,ok,,64,64,117.73709106445312,64.14043426513672,0.039306640625,0.0224609375
D:\GitHub\AI-for-Agriculture-2026\dataset\train\RGB\Health_hyper_66.png,ok,,64,64,111.09004211425781,77.35174560546875,0.0498046875,0.038330078125
D:\GitHub\AI-for-Agriculture-2026\dataset\train\RGB\Health_hyper_67.png,flagged,"near_black,low_contrast",64,64,0.0,0.0,1.0,0.0
D:\GitHub\AI-for-Agriculture-2026\dataset\train\RGB\Health_hyper_68.png,ok,,64,64,86.70787048339844,58.924964904785156,0.0458984375,0.02392578125
D:\GitHub\AI-for-Agriculture-2026\dataset\train\RGB\Health_hyper_69.png,ok,,64,64,120.98635864257812,60.52378845214844,0.02734375,0.025390625
D:\GitHub\AI-for-Agriculture-2026\dataset\train\RGB\Health_hyper_7.png,ok,,64,64,126.17925262451172,58.35540771484375,0.027587890625,0.01513671875
D:\GitHub\AI-for-Agriculture-2026\dataset\train\RGB\Health_hyper_70.png,ok,,64,64,108.804931640625,51.21488571166992,0.013671875,0.001953125
D:\GitHub\AI-for-Agriculture-2026\dataset\train\RGB\Health_hyper_71.png,ok,,64,64,116.99226379394531,66.40686798095703,0.03466796875,0.01220703125
D:\GitHub\AI-for-Agriculture-2026\dataset\train\RGB\Health_hyper_72.png,ok,,64,64,133.71005249023438,60.17859649658203,0.027099609375,0.0263671875
D:\GitHub\AI-for-Agriculture-2026\dataset\train\RGB\Health_hyper_73.png,ok,,64,64,125.23406219482422,68.5489501953125,0.043212890625,0.03173828125
D:\GitHub\AI-for-Agriculture-2026\dataset\train\RGB\Health_hyper_74.png,ok,,64,64,115.22044372558594,55.238311767578125,0.01513671875,0.00927734375
D:\GitHub\AI-for-Agriculture-2026\dataset\train\RGB\Health_hyper_75.png,ok,,64,64,99.64009094238281,68.28834533691406,0.074462890625,0.028564453125
D:\GitHub\AI-for-Agriculture-2026\dataset\train\RGB\Health_hyper_76.png,flagged,"near_black,low_contrast",64,64,0.0,0.0,1.0,0.0
D:\GitHub\AI-for-Agriculture-2026\dataset\train\RGB\Health_hyper_77.png,ok,,64,64,130.01681518554688,57.13078308105469,0.02490234375,0.013916015625
D:\GitHub\AI-for-Agriculture-2026\dataset\train\RGB\Health_hyper_78.png,ok,,64,64,121.37994384765625,57.16826248168945,0.0283203125,0.017578125
D:\GitHub\AI-for-Agriculture-2026\dataset\train\RGB\Health_hyper_79.png,ok,,64,64,135.58990478515625,51.77029800415039,0.024169921875,0.016845703125
D:\GitHub\AI-for-Agriculture-2026\dataset\train\RGB\Health_hyper_8.png,ok,,64,64,102.54000854492188,52.868690490722656,0.0234375,0.02001953125
D:\GitHub\AI-for-Agriculture-2026\dataset\train\RGB\Health_hyper_80.png,ok,,64,64,107.12686157226562,61.95311737060547,0.048828125,0.025146484375
D:\GitHub\AI-for-Agriculture-2026\dataset\train\RGB\Health_hyper_81.png,ok,,64,64,122.13168334960938,63.911216735839844,0.039306640625,0.025634765625
D:\GitHub\AI-for-Agriculture-2026\dataset\train\RGB\Health_hyper_82.png,ok,,64,64,124.9064712524414,59.21662139892578,0.041259765625,0.019287109375
D:\GitHub\AI-for-Agriculture-2026\dataset\train\RGB\Health_hyper_83.png,ok,,64,64,142.96047973632812,55.73546600341797,0.027099609375,0.028564453125
D:\GitHub\AI-for-Agriculture-2026\dataset\train\RGB\Health_hyper_84.png,ok,,64,64,116.93245697021484,66.70113372802734,0.0322265625,0.030517578125
D:\GitHub\AI-for-Agriculture-2026\dataset\train\RGB\Health_hyper_85.png,ok,,64,64,138.32887268066406,66.22268676757812,0.03466796875,0.0380859375
D:\GitHub\AI-for-Agriculture-2026\dataset\train\RGB\Health_hyper_86.png,ok,,64,64,110.17242431640625,47.24844741821289,0.017333984375,0.0
D:\GitHub\AI-for-Agriculture-2026\dataset\train\RGB\Health_hyper_87.png,ok,,64,64,130.79689025878906,69.7424545288086,0.0341796875,0.031982421875
D:\GitHub\AI-for-Agriculture-2026\dataset\train\RGB\Health_hyper_88.png,ok,,64,64,111.90318298339844,58.6300048828125,0.02587890625,0.0126953125
D:\GitHub\AI-for-Agriculture-2026\dataset\train\RGB\Health_hyper_89.png,ok,,64,64,117.01201629638672,65.998779296875,0.0390625,0.014404296875
D:\GitHub\AI-for-Agriculture-2026\dataset\train\RGB\Health_hyper_9.png,ok,,64,64,130.74667358398438,61.82991409301758,0.029052734375,0.02490234375
D:\GitHub\AI-for-Agriculture-2026\dataset\train\RGB\Health_hyper_90.png,ok,,64,64,137.68569946289062,58.8836555480957,0.03662109375,0.015625
D:\GitHub\AI-for-Agriculture-2026\dataset\train\RGB\Health_hyper_91.png,ok,,64,64,115.37342071533203,60.354896545410156,0.02001953125,0.017578125
D:\GitHub\AI-for-Agriculture-2026\dataset\train\RGB\Health_hyper_92.png,ok,,64,64,121.01649475097656,58.10454177856445,0.02734375,0.025146484375
D:\GitHub\AI-for-Agriculture-2026\dataset\train\RGB\Health_hyper_93.png,ok,,64,64,111.7644271850586,63.54841232299805,0.04833984375,0.011474609375
D:\GitHub\AI-for-Agriculture-2026\dataset\train\RGB\Health_hyper_94.png,ok,,64,64,171.06124877929688,55.11579513549805,0.023193359375,0.024658203125
D:\GitHub\AI-for-Agriculture-2026\dataset\train\RGB\Health_hyper_95.png,ok,,64,64,113.9457015991211,78.1978988647461,0.05517578125,0.0400390625
D:\GitHub\AI-for-Agriculture-2026\dataset\train\RGB\Health_hyper_96.png,ok,,64,64,96.69232940673828,58.36195373535156,0.04443359375,0.02197265625
D:\GitHub\AI-for-Agriculture-2026\dataset\train\RGB\Health_hyper_97.png,ok,,64,64,119.26038360595703,60.05983352661133,0.03564453125,0.019775390625
D:\GitHub\AI-for-Agriculture-2026\dataset\train\RGB\Health_hyper_98.png,ok,,64,64,123.25550079345703,64.74934387207031,0.04541015625,0.030517578125
D:\GitHub\AI-for-Agriculture-2026\dataset\train\RGB\Health_hyper_99.png,ok,,64,64,110.44962310791016,69.45893859863281,0.04638671875,0.01171875
D:\GitHub\AI-for-Agriculture-2026\dataset\train\RGB\Other_hyper_1.png,ok,,64,64,44.745460510253906,47.36017608642578,0.09130859375,0.021240234375
D:\GitHub\AI-for-Agriculture-2026\dataset\train\RGB\Other_hyper_10.png,ok,,64,64,93.39000701904297,92.21257781982422,0.0732421875,0.0546875
D:\GitHub\AI-for-Agriculture-2026\dataset\train\RGB\Other_hyper_100.png,ok,,64,64,92.2015380859375,60.13780212402344,0.0458984375,0.02734375
D:\GitHub\AI-for-Agriculture-2026\dataset\train\RGB\Other_hyper_101.png,ok,,64,64,119.63771057128906,57.6447868347168,0.02783203125,0.016357421875
D:\GitHub\AI-for-Agriculture-2026\dataset\train\RGB\Other_hyper_102.png,flagged,"near_black,low_contrast",64,64,0.0,0.0,1.0,0.0
D:\GitHub\AI-for-Agriculture-2026\dataset\train\RGB\Other_hyper_103.png,ok,,64,64,148.6510772705078,60.11149597167969,0.03466796875,0.025634765625
D:\GitHub\AI-for-Agriculture-2026\dataset\train\RGB\Other_hyper_104.png,ok,,64,64,126.44021606445312,69.97962188720703,0.038330078125,0.029296875
D:\GitHub\AI-for-Agriculture-2026\dataset\train\RGB\Other_hyper_105.png,ok,,64,64,140.66326904296875,62.11892318725586,0.028076171875,0.029541015625
D:\GitHub\AI-for-Agriculture-2026\dataset\train\RGB\Other_hyper_106.png,ok,,64,64,130.07162475585938,74.57302856445312,0.048095703125,0.030517578125
D:\GitHub\AI-for-Agriculture-2026\dataset\train\RGB\Other_hyper_107.png,ok,,64,64,134.74606323242188,56.73630905151367,0.023193359375,0.020751953125
D:\GitHub\AI-for-Agriculture-2026\dataset\train\RGB\Other_hyper_108.png,ok,,64,64,96.3050765991211,48.12513732910156,0.028076171875,0.022705078125
D:\GitHub\AI-for-Agriculture-2026\dataset\train\RGB\Other_hyper_109.png,ok,,64,64,147.0975341796875,59.141536712646484,0.02734375,0.032958984375
D:\GitHub\AI-for-Agriculture-2026\dataset\train\RGB\Other_hyper_11.png,ok,,64,64,123.4129867553711,62.06471252441406,0.027587890625,0.02734375
D:\GitHub\AI-for-Agriculture-2026\dataset\train\RGB\Other_hyper_110.png,ok,,64,64,130.6446533203125,47.290382385253906,0.031005859375,0.01904296875
D:\GitHub\AI-for-Agriculture-2026\dataset\train\RGB\Other_hyper_111.png,ok,,64,64,112.2318115234375,66.16061401367188,0.045654296875,0.0205078125
D:\GitHub\AI-for-Agriculture-2026\dataset\train\RGB\Other_hyper_112.png,ok,,64,64,133.24024963378906,57.23324966430664,0.005126953125,0.022705078125
D:\GitHub\AI-for-Agriculture-2026\dataset\train\RGB\Other_hyper_113.png,flagged,"near_black,low_contrast",64,64,0.0,0.0,1.0,0.0
D:\GitHub\AI-for-Agriculture-2026\dataset\train\RGB\Other_hyper_114.png,ok,,64,64,116.00967407226562,64.46292877197266,0.0517578125,0.0283203125
D:\GitHub\AI-for-Agriculture-2026\dataset\train\RGB\Other_hyper_115.png,ok,,64,64,120.08997344970703,60.083473205566406,0.03271484375,0.025390625
D:\GitHub\AI-for-Agriculture-2026\dataset\train\RGB\Other_hyper_116.png,ok,,64,64,127.84300231933594,61.51357650756836,0.033203125,0.02978515625
D:\GitHub\AI-for-Agriculture-2026\dataset\train\RGB\Other_hyper_117.png,ok,,64,64,125.43330383300781,60.66465377807617,0.03125,0.028076171875
D:\GitHub\AI-for-Agriculture-2026\dataset\train\RGB\Other_hyper_118.png,ok,,64,64,123.11323547363281,61.41476821899414,0.03466796875,0.0234375
D:\GitHub\AI-for-Agriculture-2026\dataset\train\RGB\Other_hyper_119.png,ok,,64,64,120.19114685058594,61.21487808227539,0.029541015625,0.01708984375
D:\GitHub\AI-for-Agriculture-2026\dataset\train\RGB\Other_hyper_12.png,ok,,64,64,122.99870300292969,71.29598999023438,0.061279296875,0.03173828125
D:\GitHub\AI-for-Agriculture-2026\dataset\train\RGB\Other_hyper_120.png,ok,,64,64,136.06483459472656,62.48408126831055,0.02587890625,0.031982421875
D:\GitHub\AI-for-Agriculture-2026\dataset\train\RGB\Other_hyper_121.png,flagged,"near_black,low_contrast",64,64,0.0,0.0,1.0,0.0
D:\GitHub\AI-for-Agriculture-2026\dataset\train\RGB\Other_hyper_122.png,flagged,"near_black,low_contrast",64,64,0.0,0.0,1.0,0.0
D:\GitHub\AI-for-Agriculture-2026\dataset\train\RGB\Other_hyper_123.png,ok,,64,64,164.95155334472656,50.87869644165039,0.0244140625,0.025390625
D:\GitHub\AI-for-Agriculture-2026\dataset\train\RGB\Other_hyper_124.png,ok,,64,64,130.43173217773438,61.5140380859375,0.02734375,0.026611328125
D:\GitHub\AI-for-Agriculture-2026\dataset\train\RGB\Other_hyper_125.png,ok,,64,64,127.44184112548828,60.370418548583984,0.02734375,0.02734375
D:\GitHub\AI-for-Agriculture-2026\dataset\train\RGB\Other_hyper_126.png,ok,,64,64,138.31170654296875,55.48956298828125,0.02197265625,0.019287109375
D:\GitHub\AI-for-Agriculture-2026\dataset\train\RGB\Other_hyper_127.png,ok,,64,64,122.23143005371094,59.89055633544922,0.032470703125,0.025634765625
D:\GitHub\AI-for-Agriculture-2026\dataset\train\RGB\Other_hyper_128.png,ok,,64,64,69.7750473022461,74.65522766113281,0.165771484375,0.02685546875
D:\GitHub\AI-for-Agriculture-2026\dataset\train\RGB\Other_hyper_129.png,ok,,64,64,132.96365356445312,59.55066680908203,0.02587890625,0.028076171875
D:\GitHub\AI-for-Agriculture-2026\dataset\train\RGB\Other_hyper_13.png,ok,,64,64,138.74008178710938,56.40069580078125,0.025146484375,0.025634765625
D:\GitHub\AI-for-Agriculture-2026\dataset\train\RGB\Other_hyper_130.png,ok,,64,64,118.1700439453125,61.03524398803711,0.02783203125,0.022705078125
D:\GitHub\AI-for-Agriculture-2026\dataset\train\RGB\Other_hyper_131.png,ok,,64,64,110.53509521484375,54.318214416503906,0.038818359375,0.025146484375
D:\GitHub\AI-for-Agriculture-2026\dataset\train\RGB\Other_hyper_132.png,ok,,64,64,146.46292114257812,47.08213806152344,0.02490234375,0.024169921875
D:\GitHub\AI-for-Agriculture-2026\dataset\train\RGB\Other_hyper_133.png,ok,,64,64,117.29850006103516,59.14826965332031,0.011962890625,0.01806640625
D:\GitHub\AI-for-Agriculture-2026\dataset\train\RGB\Other_hyper_134.png,ok,,64,64,143.11175537109375,55.651004791259766,0.02490234375,0.019775390625
D:\GitHub\AI-for-Agriculture-2026\dataset\train\RGB\Other_hyper_135.png,ok,,64,64,96.46626281738281,57.13492202758789,0.03076171875,0.01953125
D:\GitHub\AI-for-Agriculture-2026\dataset\train\RGB\Other_hyper_136.png,ok,,64,64,81.51354217529297,45.374977111816406,0.02783203125,0.021484375
D:\GitHub\AI-for-Agriculture-2026\dataset\train\RGB\Other_hyper_137.png,ok,,64,64,121.62928771972656,50.7227783203125,0.0234375,0.021484375
D:\GitHub\AI-for-Agriculture-2026\dataset\train\RGB\Other_hyper_138.png,ok,,64,64,124.52366638183594,55.76259231567383,0.016845703125,0.0185546875
D:\GitHub\AI-for-Agriculture-2026\dataset\train\RGB\Other_hyper_139.png,ok,,64,64,122.97924041748047,60.580108642578125,0.023681640625,0.024658203125
D:\GitHub\AI-for-Agriculture-2026\dataset\train\RGB\Other_hyper_14.png,ok,,64,64,133.99148559570312,69.4978256225586,0.03125,0.02880859375
D:\GitHub\AI-for-Agriculture-2026\dataset\train\RGB\Other_hyper_140.png,ok,,64,64,153.58261108398438,51.611446380615234,0.0263671875,0.025146484375
D:\GitHub\AI-for-Agriculture-2026\dataset\train\RGB\Other_hyper_141.png,ok,,64,64,135.70797729492188,53.2986946105957,0.0244140625,0.025146484375
D:\GitHub\AI-for-Agriculture-2026\dataset\train\RGB\Other_hyper_142.png,ok,,64,64,77.04354858398438,57.44883346557617,0.04248046875,0.0224609375
D:\GitHub\AI-for-Agriculture-2026\dataset\train\RGB\Other_hyper_143.png,ok,,64,64,121.27086639404297,60.03594970703125,0.0322265625,0.025634765625
D:\GitHub\AI-for-Agriculture-2026\dataset\train\RGB\Other_hyper_144.png,ok,,64,64,116.55020904541016,57.394447326660156,0.03271484375,0.024169921875
D:\GitHub\AI-for-Agriculture-2026\dataset\train\RGB\Other_hyper_145.png,ok,,64,64,96.41191864013672,58.58683395385742,0.0302734375,0.0244140625
D:\GitHub\AI-for-Agriculture-2026\dataset\train\RGB\Other_hyper_146.png,ok,,64,64,129.04893493652344,57.049190521240234,0.029052734375,0.0263671875
D:\GitHub\AI-for-Agriculture-2026\dataset\train\RGB\Other_hyper_147.png,ok,,64,64,15.02401351928711,58.29536437988281,0.9375,0.029052734375
D:\GitHub\AI-for-Agriculture-2026\dataset\train\RGB\Other_hyper_148.png,ok,,64,64,133.64073181152344,56.494834899902344,0.0263671875,0.013427734375
D:\GitHub\AI-for-Agriculture-2026\dataset\train\RGB\Other_hyper_149.png,flagged,"near_black,low_contrast",64,64,0.0,0.0,1.0,0.0
D:\GitHub\AI-for-Agriculture-2026\dataset\train\RGB\Other_hyper_15.png,ok,,64,64,131.20059204101562,52.96208190917969,0.026611328125,0.031494140625
D:\GitHub\AI-for-Agriculture-2026\dataset\train\RGB\Other_hyper_150.png,ok,,64,64,134.79696655273438,61.44362258911133,0.024658203125,0.03076171875
D:\GitHub\AI-for-Agriculture-2026\dataset\train\RGB\Other_hyper_151.png,ok,,64,64,94.37857055664062,55.00703430175781,0.036376953125,0.024658203125
D:\GitHub\AI-for-Agriculture-2026\dataset\train\RGB\Other_hyper_152.png,ok,,64,64,112.34423065185547,55.1109733581543,0.02001953125,0.013916015625
D:\GitHub\AI-for-Agriculture-2026\dataset\train\RGB\Other_hyper_153.png,ok,,64,64,109.04560852050781,62.39198303222656,0.038818359375,0.018310546875
D:\GitHub\AI-for-Agriculture-2026\dataset\train\RGB\Other_hyper_154.png,ok,,64,64,49.78584289550781,60.93962097167969,0.151611328125,0.0244140625
D:\GitHub\AI-for-Agriculture-2026\dataset\train\RGB\Other_hyper_155.png,flagged,"near_black,low_contrast",64,64,0.0,0.0,1.0,0.0
D:\GitHub\AI-for-Agriculture-2026\dataset\train\RGB\Other_hyper_156.png,ok,,64,64,107.96827697753906,52.6617431640625,0.025634765625,0.01904296875
D:\GitHub\AI-for-Agriculture-2026\dataset\train\RGB\Other_hyper_157.png,ok,,64,64,111.94439697265625,57.19483947753906,0.02587890625,0.00341796875
D:\GitHub\AI-for-Agriculture-2026\dataset\train\RGB\Other_hyper_158.png,ok,,64,64,110.8130874633789,57.81873321533203,0.0263671875,0.021484375
D:\GitHub\AI-for-Agriculture-2026\dataset\train\RGB\Other_hyper_159.png,ok,,64,64,133.00851440429688,55.816219329833984,0.0244140625,0.0244140625
D:\GitHub\AI-for-Agriculture-2026\dataset\train\RGB\Other_hyper_16.png,ok,,64,64,106.10916900634766,57.211429595947266,0.029052734375,0.01953125
D:\GitHub\AI-for-Agriculture-2026\dataset\train\RGB\Other_hyper_160.png,flagged,"near_black,low_contrast",64,64,0.0,0.0,1.0,0.0
D:\GitHub\AI-for-Agriculture-2026\dataset\train\RGB\Other_hyper_161.png,ok,,64,64,154.2911834716797,61.844295501708984,0.0302734375,0.025146484375
D:\GitHub\AI-for-Agriculture-2026\dataset\train\RGB\Other_hyper_162.png,ok,,64,64,106.472900390625,62.073265075683594,0.052978515625,0.022705078125
D:\GitHub\AI-for-Agriculture-2026\dataset\train\RGB\Other_hyper_163.png,flagged,"near_black,low_contrast",64,64,0.0,0.0,1.0,0.0
D:\GitHub\AI-for-Agriculture-2026\dataset\train\RGB\Other_hyper_164.png,ok,,64,64,143.8255157470703,91.74931335449219,0.0576171875,0.052978515625
D:\GitHub\AI-for-Agriculture-2026\dataset\train\RGB\Other_hyper_165.png,ok,,64,64,65.58428955078125,66.88189697265625,0.068603515625,0.026611328125
D:\GitHub\AI-for-Agriculture-2026\dataset\train\RGB\Other_hyper_166.png,ok,,64,64,119.21803283691406,60.12218475341797,0.025634765625,0.0244140625
D:\GitHub\AI-for-Agriculture-2026\dataset\train\RGB\Other_hyper_167.png,ok,,64,64,126.43698120117188,74.40811157226562,0.03173828125,0.04052734375
D:\GitHub\AI-for-Agriculture-2026\dataset\train\RGB\Other_hyper_168.png,ok,,64,64,115.3901138305664,58.078922271728516,0.016845703125,0.017822265625
D:\GitHub\AI-for-Agriculture-2026\dataset\train\RGB\Other_hyper_169.png,ok,,64,64,80.36861419677734,76.94950103759766,0.076171875,0.0400390625
D:\GitHub\AI-for-Agriculture-2026\dataset\train\RGB\Other_hyper_17.png,ok,,64,64,104.3346176147461,48.76740646362305,0.02783203125,0.021484375
D:\GitHub\AI-for-Agriculture-2026\dataset\train\RGB\Other_hyper_170.png,ok,,64,64,126.6884765625,61.437984466552734,0.026123046875,0.024169921875
D:\GitHub\AI-for-Agriculture-2026\dataset\train\RGB\Other_hyper_171.png,ok,,64,64,58.296871185302734,78.21492004394531,0.33251953125,0.033203125
D:\GitHub\AI-for-Agriculture-2026\dataset\train\RGB\Other_hyper_172.png,ok,,64,64,149.7944793701172,63.53173065185547,0.026123046875,0.03515625
D:\GitHub\AI-for-Agriculture-2026\dataset\train\RGB\Other_hyper_173.png,ok,,64,64,90.90179443359375,53.70558166503906,0.03271484375,0.023681640625
D:\GitHub\AI-for-Agriculture-2026\dataset\train\RGB\Other_hyper_174.png,flagged,"near_black,low_contrast",64,64,0.0,0.0,1.0,0.0
D:\GitHub\AI-for-Agriculture-2026\dataset\train\RGB\Other_hyper_175.png,ok,,64,64,134.02218627929688,59.391639709472656,0.025634765625,0.027587890625
D:\GitHub\AI-for-Agriculture-2026\dataset\train\RGB\Other_hyper_176.png,ok,,64,64,46.151832580566406,45.76803970336914,0.100341796875,0.021484375
D:\GitHub\AI-for-Agriculture-2026\dataset\train\RGB\Other_hyper_177.png,ok,,64,64,38.98771667480469,57.093082427978516,0.236083984375,0.023193359375
D:\GitHub\AI-for-Agriculture-2026\dataset\train\RGB\Other_hyper_178.png,ok,,64,64,133.58224487304688,84.68230438232422,0.2724609375,0.033935546875
D:\GitHub\AI-for-Agriculture-2026\dataset\train\RGB\Other_hyper_179.png,ok,,64,64,138.41908264160156,48.675594329833984,0.02392578125,0.021484375
D:\GitHub\AI-for-Agriculture-2026\dataset\train\RGB\Other_hyper_18.png,ok,,64,64,130.97079467773438,61.690608978271484,0.025390625,0.0224609375
D:\GitHub\AI-for-Agriculture-2026\dataset\train\RGB\Other_hyper_180.png,ok,,64,64,38.87392044067383,55.26838684082031,0.217529296875,0.023193359375
D:\GitHub\AI-for-Agriculture-2026\dataset\train\RGB\Other_hyper_181.png,ok,,64,64,145.20553588867188,63.29328155517578,0.034423828125,0.028564453125
D:\GitHub\AI-for-Agriculture-2026\dataset\train\RGB\Other_hyper_182.png,ok,,64,64,77.21611022949219,70.23632049560547,0.1201171875,0.02294921875
D:\GitHub\AI-for-Agriculture-2026\dataset\train\RGB\Other_hyper_183.png,ok,,64,64,150.48667907714844,61.61662292480469,0.02685546875,0.036865234375
D:\GitHub\AI-for-Agriculture-2026\dataset\train\RGB\Other_hyper_184.png,ok,,64,64,114.68000030517578,60.63623809814453,0.030029296875,0.025390625
D:\GitHub\AI-for-Agriculture-2026\dataset\train\RGB\Other_hyper_185.png,ok,,64,64,88.72782135009766,53.99007797241211,0.0390625,0.025390625
D:\GitHub\AI-for-Agriculture-2026\dataset\train\RGB\Other_hyper_186.png,ok,,64,64,101.56767272949219,58.62102508544922,0.038818359375,0.01953125
D:\GitHub\AI-for-Agriculture-2026\dataset\train\RGB\Other_hyper_187.png,ok,,64,64,37.49793243408203,56.77196502685547,0.241943359375,0.0244140625
D:\GitHub\AI-for-Agriculture-2026\dataset\train\RGB\Other_hyper_188.png,ok,,64,64,121.07135772705078,69.86552429199219,0.028564453125,0.030029296875
D:\GitHub\AI-for-Agriculture-2026\dataset\train\RGB\Other_hyper_189.png,ok,,64,64,134.8701171875,62.989376068115234,0.02685546875,0.02880859375
D:\GitHub\AI-for-Agriculture-2026\dataset\train\RGB\Other_hyper_19.png,ok,,64,64,139.06539916992188,60.43830490112305,0.026123046875,0.022216796875
D:\GitHub\AI-for-Agriculture-2026\dataset\train\RGB\Other_hyper_190.png,ok,,64,64,115.07898712158203,54.63406753540039,0.02880859375,0.001953125
D:\GitHub\AI-for-Agriculture-2026\dataset\train\RGB\Other_hyper_191.png,ok,,64,64,136.62191772460938,74.40414428710938,0.20654296875,0.022705078125
D:\GitHub\AI-for-Agriculture-2026\dataset\train\RGB\Other_hyper_192.png,ok,,64,64,30.533897399902344,77.50520324707031,0.8642578125,0.034423828125
D:\GitHub\AI-for-Agriculture-2026\dataset\train\RGB\Other_hyper_193.png,ok,,64,64,116.94879150390625,58.34926986694336,0.029296875,0.025390625
D:\GitHub\AI-for-Agriculture-2026\dataset\train\RGB\Other_hyper_194.png,ok,,64,64,148.52716064453125,63.33209228515625,0.02880859375,0.0341796875
D:\GitHub\AI-for-Agriculture-2026\dataset\train\RGB\Other_hyper_195.png,ok,,64,64,42.047813415527344,55.119476318359375,0.127197265625,0.026123046875
D:\GitHub\AI-for-Agriculture-2026\dataset\train\RGB\Other_hyper_196.png,ok,,64,64,118.77932739257812,59.891807556152344,0.036865234375,0.02587890625
D:\GitHub\AI-for-Agriculture-2026\dataset\train\RGB\Other_hyper_197.png,ok,,64,64,108.23304748535156,70.3778305053711,0.037109375,0.04248046875
D:\GitHub\AI-for-Agriculture-2026\dataset\train\RGB\Other_hyper_198.png,ok,,64,64,115.09938049316406,57.98335647583008,0.020263671875,0.021484375
D:\GitHub\AI-for-Agriculture-2026\dataset\train\RGB\Other_hyper_199.png,ok,,64,64,107.08328247070312,74.89830017089844,0.07373046875,0.031005859375
D:\GitHub\AI-for-Agriculture-2026\dataset\train\RGB\Other_hyper_2.png,ok,,64,64,97.2619857788086,61.50552749633789,0.0390625,0.024169921875
D:\GitHub\AI-for-Agriculture-2026\dataset\train\RGB\Other_hyper_20.png,ok,,64,64,146.31703186035156,58.18059158325195,0.028564453125,0.02197265625
D:\GitHub\AI-for-Agriculture-2026\dataset\train\RGB\Other_hyper_200.png,ok,,64,64,92.13983154296875,44.48160171508789,0.029296875,0.021484375
D:\GitHub\AI-for-Agriculture-2026\dataset\train\RGB\Other_hyper_21.png,ok,,64,64,111.27140045166016,60.53571701049805,0.033935546875,0.021728515625
D:\GitHub\AI-for-Agriculture-2026\dataset\train\RGB\Other_hyper_22.png,flagged,"near_black,low_contrast",64,64,0.0,0.0,1.0,0.0
D:\GitHub\AI-for-Agriculture-2026\dataset\train\RGB\Other_hyper_23.png,ok,,64,64,123.80664825439453,58.7524528503418,0.02685546875,0.025390625
D:\GitHub\AI-for-Agriculture-2026\dataset\train\RGB\Other_hyper_24.png,ok,,64,64,96.88579559326172,62.80048370361328,0.040771484375,0.02783203125
D:\GitHub\AI-for-Agriculture-2026\dataset\train\RGB\Other_hyper_25.png,ok,,64,64,139.77732849121094,52.70719909667969,0.022216796875,0.009521484375
D:\GitHub\AI-for-Agriculture-2026\dataset\train\RGB\Other_hyper_26.png,flagged,"near_black,low_contrast",64,64,0.0,0.0,1.0,0.0
D:\GitHub\AI-for-Agriculture-2026\dataset\train\RGB\Other_hyper_27.png,ok,,64,64,108.57894897460938,59.29322052001953,0.03076171875,0.015869140625
D:\GitHub\AI-for-Agriculture-2026\dataset\train\RGB\Other_hyper_28.png,ok,,64,64,131.03038024902344,53.850589752197266,0.02099609375,0.0185546875
D:\GitHub\AI-for-Agriculture-2026\dataset\train\RGB\Other_hyper_29.png,ok,,64,64,106.85981750488281,57.54481887817383,0.02099609375,0.0166015625
D:\GitHub\AI-for-Agriculture-2026\dataset\train\RGB\Other_hyper_3.png,ok,,64,64,126.79015350341797,56.99936294555664,0.02099609375,0.02294921875
D:\GitHub\AI-for-Agriculture-2026\dataset\train\RGB\Other_hyper_30.png,ok,,64,64,145.4205322265625,63.297115325927734,0.030029296875,0.03466796875
D:\GitHub\AI-for-Agriculture-2026\dataset\train\RGB\Other_hyper_31.png,flagged,"near_black,low_contrast",64,64,0.0,0.0,1.0,0.0
D:\GitHub\AI-for-Agriculture-2026\dataset\train\RGB\Other_hyper_32.png,ok,,64,64,61.78800964355469,47.34006118774414,0.050537109375,0.022216796875
D:\GitHub\AI-for-Agriculture-2026\dataset\train\RGB\Other_hyper_33.png,ok,,64,64,152.047607421875,49.05207061767578,0.028076171875,0.03076171875
D:\GitHub\AI-for-Agriculture-2026\dataset\train\RGB\Other_hyper_34.png,ok,,64,64,135.00811767578125,50.265602111816406,0.0224609375,0.024169921875
D:\GitHub\AI-for-Agriculture-2026\dataset\train\RGB\Other_hyper_35.png,ok,,64,64,126.11940002441406,60.04597473144531,0.02880859375,0.028564453125
D:\GitHub\AI-for-Agriculture-2026\dataset\train\RGB\Other_hyper_36.png,ok,,64,64,159.7556915283203,50.341575622558594,0.023681640625,0.030517578125
D:\GitHub\AI-for-Agriculture-2026\dataset\train\RGB\Other_hyper_37.png,ok,,64,64,119.31025695800781,62.66321563720703,0.035888671875,0.033203125
D:\GitHub\AI-for-Agriculture-2026\dataset\train\RGB\Other_hyper_38.png,ok,,64,64,134.45822143554688,58.147132873535156,0.026611328125,0.02783203125
D:\GitHub\AI-for-Agriculture-2026\dataset\train\RGB\Other_hyper_39.png,ok,,64,64,113.94234466552734,58.493282318115234,0.03369140625,0.024169921875
D:\GitHub\AI-for-Agriculture-2026\dataset\train\RGB\Other_hyper_4.png,ok,,64,64,130.62673950195312,59.62118148803711,0.03125,0.010009765625
D:\GitHub\AI-for-Agriculture-2026\dataset\train\RGB\Other_hyper_40.png,ok,,64,64,116.9439697265625,50.181610107421875,0.0244140625,0.0087890625
D:\GitHub\AI-for-Agriculture-2026\dataset\train\RGB\Other_hyper_41.png,ok,,64,64,113.56417846679688,55.09136962890625,0.0244140625,0.019775390625
D:\GitHub\AI-for-Agriculture-2026\dataset\train\RGB\Other_hyper_42.png,ok,,64,64,130.04348754882812,64.02202606201172,0.029052734375,0.0302734375
D:\GitHub\AI-for-Agriculture-2026\dataset\train\RGB\Other_hyper_43.png,ok,,64,64,138.86361694335938,54.80477523803711,0.014404296875,0.0146484375
D:\GitHub\AI-for-Agriculture-2026\dataset\train\RGB\Other_hyper_44.png,ok,,64,64,134.55194091796875,57.840431213378906,0.02197265625,0.02587890625
D:\GitHub\AI-for-Agriculture-2026\dataset\train\RGB\Other_hyper_45.png,ok,,64,64,167.92994689941406,60.93479919433594,0.02685546875,0.030029296875
D:\GitHub\AI-for-Agriculture-2026\dataset\train\RGB\Other_hyper_46.png,ok,,64,64,147.46900939941406,63.73521423339844,0.027587890625,0.03369140625
D:\GitHub\AI-for-Agriculture-2026\dataset\train\RGB\Other_hyper_47.png,ok,,64,64,123.96742248535156,62.707401275634766,0.0283203125,0.02197265625
D:\GitHub\AI-for-Agriculture-2026\dataset\train\RGB\Other_hyper_48.png,ok,,64,64,120.05162048339844,46.92351531982422,0.00634765625,0.0068359375
D:\GitHub\AI-for-Agriculture-2026\dataset\train\RGB\Other_hyper_49.png,ok,,64,64,108.3133316040039,58.086421966552734,0.031982421875,0.02685546875
D:\GitHub\AI-for-Agriculture-2026\dataset\train\RGB\Other_hyper_5.png,ok,,64,64,123.16796112060547,60.56655502319336,0.03076171875,0.012939453125
D:\GitHub\AI-for-Agriculture-2026\dataset\train\RGB\Other_hyper_50.png,flagged,"near_black,low_contrast",64,64,0.0,0.0,1.0,0.0
D:\GitHub\AI-for-Agriculture-2026\dataset\train\RGB\Other_hyper_51.png,ok,,64,64,143.4695587158203,60.488651275634766,0.02880859375,0.02587890625
D:\GitHub\AI-for-Agriculture-2026\dataset\train\RGB\Other_hyper_52.png,ok,,64,64,136.18191528320312,60.486236572265625,0.033447265625,0.027099609375
D:\GitHub\AI-for-Agriculture-2026\dataset\train\RGB\Other_hyper_53.png,ok,,64,64,153.64453125,61.272647857666016,0.032470703125,0.0341796875
D:\GitHub\AI-for-Agriculture-2026\dataset\train\RGB\Other_hyper_54.png,ok,,64,64,130.23683166503906,54.07670593261719,0.02392578125,0.010498046875
D:\GitHub\AI-for-Agriculture-2026\dataset\train\RGB\Other_hyper_55.png,ok,,64,64,145.94290161132812,53.129432678222656,0.02587890625,0.023681640625
D:\GitHub\AI-for-Agriculture-2026\dataset\train\RGB\Other_hyper_56.png,ok,,64,64,124.5973129272461,62.44902420043945,0.02783203125,0.02685546875
D:\GitHub\AI-for-Agriculture-2026\dataset\train\RGB\Other_hyper_57.png,ok,,64,64,122.0833511352539,60.0661506652832,0.02978515625,0.009521484375
D:\GitHub\AI-for-Agriculture-2026\dataset\train\RGB\Other_hyper_58.png,ok,,64,64,122.34234619140625,55.01052474975586,0.028076171875,0.02197265625
D:\GitHub\AI-for-Agriculture-2026\dataset\train\RGB\Other_hyper_59.png,ok,,64,64,57.943359375,68.51387023925781,0.16259765625,0.02783203125
D:\GitHub\AI-for-Agriculture-2026\dataset\train\RGB\Other_hyper_6.png,ok,,64,64,121.94146728515625,56.20075225830078,0.028076171875,0.02197265625
D:\GitHub\AI-for-Agriculture-2026\dataset\train\RGB\Other_hyper_60.png,ok,,64,64,98.68190002441406,51.55695343017578,0.037109375,0.021240234375
D:\GitHub\AI-for-Agriculture-2026\dataset\train\RGB\Other_hyper_61.png,ok,,64,64,110.58865356445312,62.217445373535156,0.04541015625,0.024658203125
D:\GitHub\AI-for-Agriculture-2026\dataset\train\RGB\Other_hyper_62.png,ok,,64,64,109.38166046142578,55.8291015625,0.029296875,0.017333984375
D:\GitHub\AI-for-Agriculture-2026\dataset\train\RGB\Other_hyper_63.png,ok,,64,64,117.94381713867188,57.745540618896484,0.02978515625,0.0244140625
D:\GitHub\AI-for-Agriculture-2026\dataset\train\RGB\Other_hyper_64.png,flagged,"near_black,low_contrast",64,64,0.0,0.0,1.0,0.0
D:\GitHub\AI-for-Agriculture-2026\dataset\train\RGB\Other_hyper_65.png,ok,,64,64,121.09700012207031,60.5683479309082,0.026611328125,0.028564453125
D:\GitHub\AI-for-Agriculture-2026\dataset\train\RGB\Other_hyper_66.png,ok,,64,64,134.05535888671875,57.11866760253906,0.029541015625,0.0283203125
D:\GitHub\AI-for-Agriculture-2026\dataset\train\RGB\Other_hyper_67.png,ok,,64,64,144.51708984375,59.8205451965332,0.02978515625,0.032958984375
D:\GitHub\AI-for-Agriculture-2026\dataset\train\RGB\Other_hyper_68.png,ok,,64,64,156.36285400390625,52.49763107299805,0.0244140625,0.037841796875
D:\GitHub\AI-for-Agriculture-2026\dataset\train\RGB\Other_hyper_69.png,ok,,64,64,135.49771118164062,54.92753982543945,0.02294921875,0.011474609375
D:\GitHub\AI-for-Agriculture-2026\dataset\train\RGB\Other_hyper_7.png,ok,,64,64,86.4519271850586,70.5971450805664,0.052734375,0.031005859375
D:\GitHub\AI-for-Agriculture-2026\dataset\train\RGB\Other_hyper_70.png,ok,,64,64,135.15512084960938,55.01430130004883,0.025634765625,0.025146484375
D:\GitHub\AI-for-Agriculture-2026\dataset\train\RGB\Other_hyper_71.png,ok,,64,64,97.56842803955078,48.14785385131836,0.03125,0.022705078125
D:\GitHub\AI-for-Agriculture-2026\dataset\train\RGB\Other_hyper_72.png,ok,,64,64,126.06208038330078,59.4057502746582,0.028076171875,0.0224609375
D:\GitHub\AI-for-Agriculture-2026\dataset\train\RGB\Other_hyper_73.png,ok,,64,64,117.84066009521484,63.97861099243164,0.036376953125,0.02783203125
D:\GitHub\AI-for-Agriculture-2026\dataset\train\RGB\Other_hyper_74.png,ok,,64,64,128.52725219726562,55.94450759887695,0.023193359375,0.02001953125
D:\GitHub\AI-for-Agriculture-2026\dataset\train\RGB\Other_hyper_75.png,ok,,64,64,121.74069213867188,59.42211151123047,0.02685546875,0.020751953125
D:\GitHub\AI-for-Agriculture-2026\dataset\train\RGB\Other_hyper_76.png,ok,,64,64,142.05081176757812,62.858402252197266,0.142578125,0.030517578125
D:\GitHub\AI-for-Agriculture-2026\dataset\train\RGB\Other_hyper_77.png,ok,,64,64,105.36731719970703,54.187278747558594,0.01953125,0.01318359375
D:\GitHub\AI-for-Agriculture-2026\dataset\train\RGB\Other_hyper_78.png,ok,,64,64,106.9390869140625,53.2304801940918,0.028076171875,0.02099609375
D:\GitHub\AI-for-Agriculture-2026\dataset\train\RGB\Other_hyper_79.png,ok,,64,64,110.1448745727539,58.19560241699219,0.033203125,0.02294921875
D:\GitHub\AI-for-Agriculture-2026\dataset\train\RGB\Other_hyper_8.png,ok,,64,64,108.61490631103516,70.28909301757812,0.032958984375,0.038330078125
D:\GitHub\AI-for-Agriculture-2026\dataset\train\RGB\Other_hyper_80.png,ok,,64,64,109.93901824951172,61.348350524902344,0.02734375,0.02685546875
D:\GitHub\AI-for-Agriculture-2026\dataset\train\RGB\Other_hyper_81.png,ok,,64,64,116.22705078125,55.773406982421875,0.029541015625,0.02294921875
D:\GitHub\AI-for-Agriculture-2026\dataset\train\RGB\Other_hyper_82.png,ok,,64,64,150.31236267089844,57.044498443603516,0.024658203125,0.01220703125
D:\GitHub\AI-for-Agriculture-2026\dataset\train\RGB\Other_hyper_83.png,ok,,64,64,98.73981475830078,68.72846984863281,0.044677734375,0.028564453125
D:\GitHub\AI-for-Agriculture-2026\dataset\train\RGB\Other_hyper_84.png,ok,,64,64,40.2591667175293,47.878292083740234,0.120361328125,0.02197265625
D:\GitHub\AI-for-Agriculture-2026\dataset\train\RGB\Other_hyper_85.png,ok,,64,64,128.22427368164062,58.214271545410156,0.027099609375,0.01806640625
D:\GitHub\AI-for-Agriculture-2026\dataset\train\RGB\Other_hyper_86.png,ok,,64,64,147.07467651367188,53.12689971923828,0.026123046875,0.02490234375
D:\GitHub\AI-for-Agriculture-2026\dataset\train\RGB\Other_hyper_87.png,ok,,64,64,79.17162322998047,44.693302154541016,0.062255859375,0.020751953125
D:\GitHub\AI-for-Agriculture-2026\dataset\train\RGB\Other_hyper_88.png,ok,,64,64,128.07986450195312,52.99297332763672,0.031982421875,0.02294921875
D:\GitHub\AI-for-Agriculture-2026\dataset\train\RGB\Other_hyper_89.png,ok,,64,64,137.0880584716797,60.27238845825195,0.029052734375,0.03369140625
D:\GitHub\AI-for-Agriculture-2026\dataset\train\RGB\Other_hyper_9.png,ok,,64,64,112.24922943115234,67.9601058959961,0.03662109375,0.029541015625
D:\GitHub\AI-for-Agriculture-2026\dataset\train\RGB\Other_hyper_90.png,ok,,64,64,126.6822509765625,51.66364288330078,0.029052734375,0.02392578125
D:\GitHub\AI-for-Agriculture-2026\dataset\train\RGB\Other_hyper_91.png,ok,,64,64,100.66316986083984,59.59061050415039,0.03125,0.0234375
D:\GitHub\AI-for-Agriculture-2026\dataset\train\RGB\Other_hyper_92.png,ok,,64,64,130.46783447265625,63.05177688598633,0.03466796875,0.033203125
D:\GitHub\AI-for-Agriculture-2026\dataset\train\RGB\Other_hyper_93.png,ok,,64,64,130.4777069091797,65.25409698486328,0.038818359375,0.026123046875
D:\GitHub\AI-for-Agriculture-2026\dataset\train\RGB\Other_hyper_94.png,ok,,64,64,155.60272216796875,53.074581146240234,0.024169921875,0.02685546875
D:\GitHub\AI-for-Agriculture-2026\dataset\train\RGB\Other_hyper_95.png,ok,,64,64,135.858642578125,54.7720947265625,0.0244140625,0.030517578125
D:\GitHub\AI-for-Agriculture-2026\dataset\train\RGB\Other_hyper_96.png,ok,,64,64,137.15292358398438,60.98027038574219,0.026611328125,0.02978515625
D:\GitHub\AI-for-Agriculture-2026\dataset\train\RGB\Other_hyper_97.png,ok,,64,64,134.41400146484375,64.60520935058594,0.02978515625,0.03076171875
D:\GitHub\AI-for-Agriculture-2026\dataset\train\RGB\Other_hyper_98.png,ok,,64,64,107.9016342163086,54.587181091308594,0.025146484375,0.026611328125
D:\GitHub\AI-for-Agriculture-2026\dataset\train\RGB\Other_hyper_99.png,ok,,64,64,105.24024200439453,61.89509582519531,0.044921875,0.019775390625
D:\GitHub\AI-for-Agriculture-2026\dataset\train\RGB\Rust_hyper_1.png,ok,,64,64,129.721435546875,63.917781829833984,0.03125,0.023681640625
D:\GitHub\AI-for-Agriculture-2026\dataset\train\RGB\Rust_hyper_10.png,ok,,64,64,101.88996887207031,63.34516143798828,0.041259765625,0.02294921875
D:\GitHub\AI-for-Agriculture-2026\dataset\train\RGB\Rust_hyper_100.png,ok,,64,64,94.73570251464844,57.94353103637695,0.021484375,0.020263671875
D:\GitHub\AI-for-Agriculture-2026\dataset\train\RGB\Rust_hyper_101.png,ok,,64,64,123.80384826660156,62.46212387084961,0.033447265625,0.024658203125
D:\GitHub\AI-for-Agriculture-2026\dataset\train\RGB\Rust_hyper_102.png,ok,,64,64,108.39982604980469,60.81943130493164,0.036376953125,0.022705078125
D:\GitHub\AI-for-Agriculture-2026\dataset\train\RGB\Rust_hyper_103.png,ok,,64,64,125.23533630371094,54.970420837402344,0.020263671875,0.0107421875
D:\GitHub\AI-for-Agriculture-2026\dataset\train\RGB\Rust_hyper_104.png,ok,,64,64,125.91777038574219,56.195499420166016,0.032958984375,0.008056640625
D:\GitHub\AI-for-Agriculture-2026\dataset\train\RGB\Rust_hyper_105.png,ok,,64,64,133.913818359375,52.6621208190918,0.02587890625,0.02197265625
D:\GitHub\AI-for-Agriculture-2026\dataset\train\RGB\Rust_hyper_106.png,ok,,64,64,123.93229675292969,68.69629669189453,0.040771484375,0.029052734375
D:\GitHub\AI-for-Agriculture-2026\dataset\train\RGB\Rust_hyper_107.png,ok,,64,64,103.78768920898438,65.95994567871094,0.05908203125,0.028564453125
D:\GitHub\AI-for-Agriculture-2026\dataset\train\RGB\Rust_hyper_108.png,ok,,64,64,102.58126831054688,59.837310791015625,0.031982421875,0.010986328125
D:\GitHub\AI-for-Agriculture-2026\dataset\train\RGB\Rust_hyper_109.png,ok,,64,64,110.38157653808594,58.94948959350586,0.031982421875,0.025634765625
D:\GitHub\AI-for-Agriculture-2026\dataset\train\RGB\Rust_hyper_11.png,ok,,64,64,113.05479431152344,55.26533508300781,0.02587890625,0.013427734375
D:\GitHub\AI-for-Agriculture-2026\dataset\train\RGB\Rust_hyper_110.png,ok,,64,64,135.31362915039062,59.444671630859375,0.018798828125,0.025146484375
D:\GitHub\AI-for-Agriculture-2026\dataset\train\RGB\Rust_hyper_111.png,ok,,64,64,82.05569458007812,53.8299560546875,0.0400390625,0.0234375
D:\GitHub\AI-for-Agriculture-2026\dataset\train\RGB\Rust_hyper_112.png,ok,,64,64,124.50457763671875,59.63572311401367,0.041748046875,0.01806640625
D:\GitHub\AI-for-Agriculture-2026\dataset\train\RGB\Rust_hyper_113.png,ok,,64,64,124.69929504394531,63.106929779052734,0.03271484375,0.015625
D:\GitHub\AI-for-Agriculture-2026\dataset\train\RGB\Rust_hyper_114.png,ok,,64,64,123.06646728515625,67.3113021850586,0.040771484375,0.029296875
D:\GitHub\AI-for-Agriculture-2026\dataset\train\RGB\Rust_hyper_115.png,ok,,64,64,110.9925537109375,54.67416763305664,0.03466796875,0.017333984375
D:\GitHub\AI-for-Agriculture-2026\dataset\train\RGB\Rust_hyper_116.png,ok,,64,64,114.46958923339844,63.039772033691406,0.024169921875,0.01611328125
D:\GitHub\AI-for-Agriculture-2026\dataset\train\RGB\Rust_hyper_117.png,ok,,64,64,108.71342468261719,55.28356170654297,0.021484375,0.012939453125
D:\GitHub\AI-for-Agriculture-2026\dataset\train\RGB\Rust_hyper_118.png,ok,,64,64,94.70298767089844,54.83372116088867,0.04248046875,0.017822265625
D:\GitHub\AI-for-Agriculture-2026\dataset\train\RGB\Rust_hyper_119.png,ok,,64,64,112.03289794921875,73.98053741455078,0.06689453125,0.031005859375
D:\GitHub\AI-for-Agriculture-2026\dataset\train\RGB\Rust_hyper_12.png,ok,,64,64,108.40165710449219,62.25527572631836,0.041015625,0.02490234375
D:\GitHub\AI-for-Agriculture-2026\dataset\train\RGB\Rust_hyper_120.png,ok,,64,64,116.20657348632812,57.09965515136719,0.039794921875,0.0009765625
D:\GitHub\AI-for-Agriculture-2026\dataset\train\RGB\Rust_hyper_121.png,ok,,64,64,135.41372680664062,60.580841064453125,0.013427734375,0.017822265625
D:\GitHub\AI-for-Agriculture-2026\dataset\train\RGB\Rust_hyper_122.png,ok,,64,64,114.39932250976562,61.16285705566406,0.033203125,0.014404296875
D:\GitHub\AI-for-Agriculture-2026\dataset\train\RGB\Rust_hyper_123.png,ok,,64,64,137.91287231445312,54.762779235839844,0.029052734375,0.02197265625
D:\GitHub\AI-for-Agriculture-2026\dataset\train\RGB\Rust_hyper_124.png,ok,,64,64,112.09111785888672,63.16415786743164,0.04833984375,0.01318359375
D:\GitHub\AI-for-Agriculture-2026\dataset\train\RGB\Rust_hyper_125.png,ok,,64,64,105.77819061279297,64.12704467773438,0.036376953125,0.029296875
D:\GitHub\AI-for-Agriculture-2026\dataset\train\RGB\Rust_hyper_126.png,ok,,64,64,123.76876831054688,59.166439056396484,0.029296875,0.01611328125
D:\GitHub\AI-for-Agriculture-2026\dataset\train\RGB\Rust_hyper_127.png,ok,,64,64,100.04905700683594,54.690059661865234,0.030029296875,0.021240234375
D:\GitHub\AI-for-Agriculture-2026\dataset\train\RGB\Rust_hyper_128.png,ok,,64,64,115.30424499511719,63.194984436035156,0.0419921875,0.024658203125
D:\GitHub\AI-for-Agriculture-2026\dataset\train\RGB\Rust_hyper_129.png,ok,,64,64,124.2623291015625,57.425350189208984,0.025634765625,0.013671875
D:\GitHub\AI-for-Agriculture-2026\dataset\train\RGB\Rust_hyper_13.png,ok,,64,64,105.45936584472656,57.738548278808594,0.03173828125,0.00439453125
D:\GitHub\AI-for-Agriculture-2026\dataset\train\RGB\Rust_hyper_130.png,ok,,64,64,102.83253479003906,63.21635055541992,0.044189453125,0.0224609375
D:\GitHub\AI-for-Agriculture-2026\dataset\train\RGB\Rust_hyper_131.png,ok,,64,64,125.1953125,56.288753509521484,0.032958984375,0.018798828125
D:\GitHub\AI-for-Agriculture-2026\dataset\train\RGB\Rust_hyper_132.png,ok,,64,64,140.51547241210938,56.067054748535156,0.02783203125,0.00732421875
D:\GitHub\AI-for-Agriculture-2026\dataset\train\RGB\Rust_hyper_133.png,ok,,64,64,101.77940368652344,59.75929641723633,0.027099609375,0.0234375
D:\GitHub\AI-for-Agriculture-2026\dataset\train\RGB\Rust_hyper_134.png,ok,,64,64,124.96481323242188,58.31520080566406,0.020751953125,0.015625
D:\GitHub\AI-for-Agriculture-2026\dataset\train\RGB\Rust_hyper_135.png,ok,,64,64,101.72161102294922,64.0123519897461,0.02783203125,0.030029296875
D:\GitHub\AI-for-Agriculture-2026\dataset\train\RGB\Rust_hyper_136.png,ok,,64,64,125.43570709228516,56.888641357421875,0.018310546875,0.01806640625
D:\GitHub\AI-for-Agriculture-2026\dataset\train\RGB\Rust_hyper_137.png,ok,,64,64,141.27517700195312,52.99519348144531,0.02783203125,0.014404296875
D:\GitHub\AI-for-Agriculture-2026\dataset\train\RGB\Rust_hyper_138.png,ok,,64,64,131.6346435546875,57.881675720214844,0.033203125,0.0224609375
D:\GitHub\AI-for-Agriculture-2026\dataset\train\RGB\Rust_hyper_139.png,ok,,64,64,100.59976959228516,59.28600311279297,0.032470703125,0.021240234375
D:\GitHub\AI-for-Agriculture-2026\dataset\train\RGB\Rust_hyper_14.png,ok,,64,64,95.6881332397461,63.887882232666016,0.0419921875,0.031494140625
D:\GitHub\AI-for-Agriculture-2026\dataset\train\RGB\Rust_hyper_140.png,ok,,64,64,116.2059097290039,56.15376663208008,0.03076171875,0.011474609375
D:\GitHub\AI-for-Agriculture-2026\dataset\train\RGB\Rust_hyper_141.png,ok,,64,64,121.7867202758789,57.049072265625,0.031494140625,0.016845703125
D:\GitHub\AI-for-Agriculture-2026\dataset\train\RGB\Rust_hyper_142.png,ok,,64,64,70.78645324707031,57.66764831542969,0.065185546875,0.024658203125
D:\GitHub\AI-for-Agriculture-2026\dataset\train\RGB\Rust_hyper_143.png,ok,,64,64,92.96690368652344,59.583099365234375,0.039306640625,0.02685546875
D:\GitHub\AI-for-Agriculture-2026\dataset\train\RGB\Rust_hyper_144.png,ok,,64,64,117.93630981445312,66.67086791992188,0.04443359375,0.014404296875
D:\GitHub\AI-for-Agriculture-2026\dataset\train\RGB\Rust_hyper_145.png,ok,,64,64,127.74357604980469,62.27666091918945,0.037841796875,0.023193359375
D:\GitHub\AI-for-Agriculture-2026\dataset\train\RGB\Rust_hyper_146.png,ok,,64,64,125.45451354980469,58.74289321899414,0.029052734375,0.013427734375
D:\GitHub\AI-for-Agriculture-2026\dataset\train\RGB\Rust_hyper_147.png,ok,,64,64,125.17967987060547,64.18865966796875,0.037841796875,0.02392578125
D:\GitHub\AI-for-Agriculture-2026\dataset\train\RGB\Rust_hyper_148.png,ok,,64,64,119.80059814453125,59.938987731933594,0.02685546875,0.009765625
D:\GitHub\AI-for-Agriculture-2026\dataset\train\RGB\Rust_hyper_149.png,ok,,64,64,136.49557495117188,57.976036071777344,0.028076171875,0.02587890625
D:\GitHub\AI-for-Agriculture-2026\dataset\train\RGB\Rust_hyper_15.png,ok,,64,64,125.37767791748047,56.93956756591797,0.026611328125,0.00732421875
D:\GitHub\AI-for-Agriculture-2026\dataset\train\RGB\Rust_hyper_150.png,ok,,64,64,102.73294067382812,56.545448303222656,0.048095703125,0.0224609375
D:\GitHub\AI-for-Agriculture-2026\dataset\train\RGB\Rust_hyper_151.png,ok,,64,64,110.99334716796875,66.31121826171875,0.040771484375,0.013671875
D:\GitHub\AI-for-Agriculture-2026\dataset\train\RGB\Rust_hyper_152.png,ok,,64,64,121.18256378173828,58.09294891357422,0.03271484375,0.005126953125
D:\GitHub\AI-for-Agriculture-2026\dataset\train\RGB\Rust_hyper_153.png,ok,,64,64,103.95872497558594,59.752899169921875,0.02734375,0.025146484375
D:\GitHub\AI-for-Agriculture-2026\dataset\train\RGB\Rust_hyper_154.png,ok,,64,64,119.211669921875,64.12562561035156,0.031005859375,0.0185546875
D:\GitHub\AI-for-Agriculture-2026\dataset\train\RGB\Rust_hyper_155.png,ok,,64,64,96.77992248535156,62.16377639770508,0.04052734375,0.024658203125
D:\GitHub\AI-for-Agriculture-2026\dataset\train\RGB\Rust_hyper_156.png,ok,,64,64,138.4185791015625,59.51798629760742,0.02783203125,0.019287109375
D:\GitHub\AI-for-Agriculture-2026\dataset\train\RGB\Rust_hyper_157.png,ok,,64,64,136.0995330810547,65.86264038085938,0.0361328125,0.006103515625
D:\GitHub\AI-for-Agriculture-2026\dataset\train\RGB\Rust_hyper_158.png,ok,,64,64,108.84507751464844,64.55916595458984,0.049560546875,0.02783203125
D:\GitHub\AI-for-Agriculture-2026\dataset\train\RGB\Rust_hyper_159.png,ok,,64,64,100.07084655761719,60.29873275756836,0.045166015625,0.025634765625
D:\GitHub\AI-for-Agriculture-2026\dataset\train\RGB\Rust_hyper_16.png,ok,,64,64,113.15608215332031,71.67276763916016,0.039794921875,0.03076171875
D:\GitHub\AI-for-Agriculture-2026\dataset\train\RGB\Rust_hyper_160.png,ok,,64,64,123.63186645507812,52.535404205322266,0.021240234375,0.00927734375
D:\GitHub\AI-for-Agriculture-2026\dataset\train\RGB\Rust_hyper_161.png,ok,,64,64,106.32109069824219,59.792724609375,0.046142578125,0.021484375
D:\GitHub\AI-for-Agriculture-2026\dataset\train\RGB\Rust_hyper_162.png,ok,,64,64,127.4317855834961,57.90684509277344,0.037353515625,0.018798828125
D:\GitHub\AI-for-Agriculture-2026\dataset\train\RGB\Rust_hyper_163.png,ok,,64,64,120.67125701904297,53.256160736083984,0.025390625,0.00634765625
D:\GitHub\AI-for-Agriculture-2026\dataset\train\RGB\Rust_hyper_164.png,ok,,64,64,110.77025604248047,60.166831970214844,0.030517578125,0.0283203125
D:\GitHub\AI-for-Agriculture-2026\dataset\train\RGB\Rust_hyper_165.png,ok,,64,64,111.37545013427734,61.45987319946289,0.04248046875,0.014892578125
D:\GitHub\AI-for-Agriculture-2026\dataset\train\RGB\Rust_hyper_166.png,ok,,64,64,116.04330444335938,53.32109832763672,0.022705078125,0.001220703125
D:\GitHub\AI-for-Agriculture-2026\dataset\train\RGB\Rust_hyper_167.png,ok,,64,64,139.77191162109375,54.60357666015625,0.02880859375,0.018310546875
D:\GitHub\AI-for-Agriculture-2026\dataset\train\RGB\Rust_hyper_168.png,ok,,64,64,99.70172119140625,60.95646286010742,0.040283203125,0.024169921875
D:\GitHub\AI-for-Agriculture-2026\dataset\train\RGB\Rust_hyper_169.png,ok,,64,64,120.19651794433594,61.0695915222168,0.0419921875,0.006103515625
D:\GitHub\AI-for-Agriculture-2026\dataset\train\RGB\Rust_hyper_17.png,ok,,64,64,111.64753723144531,57.668880462646484,0.031005859375,0.017578125
D:\GitHub\AI-for-Agriculture-2026\dataset\train\RGB\Rust_hyper_170.png,ok,,64,64,133.64454650878906,61.22709655761719,0.029541015625,0.01220703125
D:\GitHub\AI-for-Agriculture-2026\dataset\train\RGB\Rust_hyper_171.png,ok,,64,64,122.32003784179688,60.409366607666016,0.027099609375,0.014404296875
D:\GitHub\AI-for-Agriculture-2026\dataset\train\RGB\Rust_hyper_172.png,ok,,64,64,123.03992462158203,56.6391716003418,0.024169921875,0.003662109375
D:\GitHub\AI-for-Agriculture-2026\dataset\train\RGB\Rust_hyper_173.png,ok,,64,64,123.92479705810547,62.43045425415039,0.029541015625,0.014892578125
D:\GitHub\AI-for-Agriculture-2026\dataset\train\RGB\Rust_hyper_174.png,ok,,64,64,92.75759887695312,57.703460693359375,0.0302734375,0.0234375
D:\GitHub\AI-for-Agriculture-2026\dataset\train\RGB\Rust_hyper_175.png,ok,,64,64,120.68718719482422,61.04555130004883,0.031982421875,0.023193359375
D:\GitHub\AI-for-Agriculture-2026\dataset\train\RGB\Rust_hyper_176.png,ok,,64,64,113.01890563964844,57.376529693603516,0.030517578125,0.023681640625
D:\GitHub\AI-for-Agriculture-2026\dataset\train\RGB\Rust_hyper_177.png,ok,,64,64,136.00167846679688,60.4494743347168,0.02880859375,0.026123046875
D:\GitHub\AI-for-Agriculture-2026\dataset\train\RGB\Rust_hyper_178.png,ok,,64,64,121.78681182861328,56.57956314086914,0.034423828125,0.018798828125
D:\GitHub\AI-for-Agriculture-2026\dataset\train\RGB\Rust_hyper_179.png,ok,,64,64,122.09298706054688,60.89215087890625,0.0341796875,0.021240234375
D:\GitHub\AI-for-Agriculture-2026\dataset\train\RGB\Rust_hyper_18.png,ok,,64,64,135.70071411132812,60.670814514160156,0.029052734375,0.0205078125
D:\GitHub\AI-for-Agriculture-2026\dataset\train\RGB\Rust_hyper_180.png,ok,,64,64,115.85366821289062,60.5118522644043,0.03515625,0.017333984375
D:\GitHub\AI-for-Agriculture-2026\dataset\train\RGB\Rust_hyper_181.png,ok,,64,64,120.73466491699219,63.26293182373047,0.037353515625,0.02001953125
D:\GitHub\AI-for-Agriculture-2026\dataset\train\RGB\Rust_hyper_182.png,ok,,64,64,108.08404541015625,64.63520812988281,0.03759765625,0.025146484375
D:\GitHub\AI-for-Agriculture-2026\dataset\train\RGB\Rust_hyper_183.png,ok,,64,64,120.65736389160156,58.446922302246094,0.023193359375,0.022216796875
D:\GitHub\AI-for-Agriculture-2026\dataset\train\RGB\Rust_hyper_184.png,ok,,64,64,137.18807983398438,61.15561294555664,0.02685546875,0.027099609375
D:\GitHub\AI-for-Agriculture-2026\dataset\train\RGB\Rust_hyper_185.png,ok,,64,64,114.23600769042969,62.357208251953125,0.02783203125,0.020263671875
D:\GitHub\AI-for-Agriculture-2026\dataset\train\RGB\Rust_hyper_186.png,ok,,64,64,117.69918823242188,57.95395278930664,0.012451171875,0.0068359375
D:\GitHub\AI-for-Agriculture-2026\dataset\train\RGB\Rust_hyper_187.png,ok,,64,64,118.846923828125,54.34242630004883,0.027099609375,0.00927734375
D:\GitHub\AI-for-Agriculture-2026\dataset\train\RGB\Rust_hyper_188.png,ok,,64,64,116.36804962158203,60.00934982299805,0.03173828125,0.012451171875
D:\GitHub\AI-for-Agriculture-2026\dataset\train\RGB\Rust_hyper_189.png,ok,,64,64,110.63595581054688,59.50254821777344,0.031982421875,0.015625
D:\GitHub\AI-for-Agriculture-2026\dataset\train\RGB\Rust_hyper_19.png,ok,,64,64,130.74530029296875,56.58103561401367,0.026611328125,0.02294921875
D:\GitHub\AI-for-Agriculture-2026\dataset\train\RGB\Rust_hyper_190.png,ok,,64,64,111.75608825683594,59.04277420043945,0.027099609375,0.0146484375
D:\GitHub\AI-for-Agriculture-2026\dataset\train\RGB\Rust_hyper_191.png,ok,,64,64,91.90158081054688,70.15565490722656,0.0625,0.027587890625
D:\GitHub\AI-for-Agriculture-2026\dataset\train\RGB\Rust_hyper_192.png,ok,,64,64,140.8726806640625,58.0433235168457,0.027587890625,0.02392578125
D:\GitHub\AI-for-Agriculture-2026\dataset\train\RGB\Rust_hyper_193.png,ok,,64,64,92.36000061035156,63.203941345214844,0.05322265625,0.022216796875
D:\GitHub\AI-for-Agriculture-2026\dataset\train\RGB\Rust_hyper_194.png,ok,,64,64,121.48531341552734,59.093170166015625,0.017822265625,0.021728515625
D:\GitHub\AI-for-Agriculture-2026\dataset\train\RGB\Rust_hyper_195.png,ok,,64,64,105.6806640625,57.35078048706055,0.037353515625,0.026123046875
D:\GitHub\AI-for-Agriculture-2026\dataset\train\RGB\Rust_hyper_196.png,ok,,64,64,128.96206665039062,58.799156188964844,0.0302734375,0.02294921875
D:\GitHub\AI-for-Agriculture-2026\dataset\train\RGB\Rust_hyper_197.png,ok,,64,64,111.19216918945312,57.674625396728516,0.021240234375,0.014404296875
D:\GitHub\AI-for-Agriculture-2026\dataset\train\RGB\Rust_hyper_198.png,ok,,64,64,101.49678039550781,56.11367416381836,0.0302734375,0.0185546875
D:\GitHub\AI-for-Agriculture-2026\dataset\train\RGB\Rust_hyper_199.png,ok,,64,64,105.40453338623047,56.481266021728516,0.02783203125,0.021484375
D:\GitHub\AI-for-Agriculture-2026\dataset\train\RGB\Rust_hyper_2.png,ok,,64,64,125.74058532714844,52.85829544067383,0.03125,0.00634765625
D:\GitHub\AI-for-Agriculture-2026\dataset\train\RGB\Rust_hyper_20.png,ok,,64,64,80.30606079101562,56.14487838745117,0.035400390625,0.017333984375
D:\GitHub\AI-for-Agriculture-2026\dataset\train\RGB\Rust_hyper_200.png,ok,,64,64,120.80787658691406,60.737613677978516,0.03076171875,0.022216796875
D:\GitHub\AI-for-Agriculture-2026\dataset\train\RGB\Rust_hyper_21.png,ok,,64,64,102.01608276367188,67.8084487915039,0.046142578125,0.0224609375
D:\GitHub\AI-for-Agriculture-2026\dataset\train\RGB\Rust_hyper_22.png,ok,,64,64,133.8144989013672,53.473846435546875,0.027587890625,0.008544921875
D:\GitHub\AI-for-Agriculture-2026\dataset\train\RGB\Rust_hyper_23.png,ok,,64,64,105.83716583251953,71.4947509765625,0.046142578125,0.02685546875
D:\GitHub\AI-for-Agriculture-2026\dataset\train\RGB\Rust_hyper_24.png,ok,,64,64,125.48896026611328,54.57926940917969,0.020751953125,0.013671875
D:\GitHub\AI-for-Agriculture-2026\dataset\train\RGB\Rust_hyper_25.png,ok,,64,64,120.35064697265625,58.107704162597656,0.028076171875,0.0234375
D:\GitHub\AI-for-Agriculture-2026\dataset\train\RGB\Rust_hyper_26.png,ok,,64,64,101.27399444580078,60.9212760925293,0.0478515625,0.024658203125
D:\GitHub\AI-for-Agriculture-2026\dataset\train\RGB\Rust_hyper_27.png,ok,,64,64,130.6641845703125,56.236629486083984,0.02880859375,0.013671875
D:\GitHub\AI-for-Agriculture-2026\dataset\train\RGB\Rust_hyper_28.png,ok,,64,64,126.97479248046875,57.050262451171875,0.03515625,0.017822265625
D:\GitHub\AI-for-Agriculture-2026\dataset\train\RGB\Rust_hyper_29.png,ok,,64,64,110.83124542236328,59.44768142700195,0.037841796875,0.018798828125
D:\GitHub\AI-for-Agriculture-2026\dataset\train\RGB\Rust_hyper_3.png,ok,,64,64,93.34458923339844,67.46658325195312,0.0634765625,0.02587890625
D:\GitHub\AI-for-Agriculture-2026\dataset\train\RGB\Rust_hyper_30.png,ok,,64,64,123.61941528320312,57.99639892578125,0.029541015625,0.02001953125
D:\GitHub\AI-for-Agriculture-2026\dataset\train\RGB\Rust_hyper_31.png,ok,,64,64,100.57306671142578,62.316436767578125,0.015625,0.0234375
D:\GitHub\AI-for-Agriculture-2026\dataset\train\RGB\Rust_hyper_32.png,ok,,64,64,106.08648681640625,64.07272338867188,0.04833984375,0.02099609375
D:\GitHub\AI-for-Agriculture-2026\dataset\train\RGB\Rust_hyper_33.png,ok,,64,64,108.65987396240234,62.63264846801758,0.0390625,0.009521484375
D:\GitHub\AI-for-Agriculture-2026\dataset\train\RGB\Rust_hyper_34.png,ok,,64,64,119.07191467285156,63.58723068237305,0.03662109375,0.027099609375
D:\GitHub\AI-for-Agriculture-2026\dataset\train\RGB\Rust_hyper_35.png,ok,,64,64,104.52149200439453,64.2454605102539,0.042724609375,0.0244140625
D:\GitHub\AI-for-Agriculture-2026\dataset\train\RGB\Rust_hyper_36.png,ok,,64,64,126.52125549316406,62.015541076660156,0.035888671875,0.020751953125
D:\GitHub\AI-for-Agriculture-2026\dataset\train\RGB\Rust_hyper_37.png,ok,,64,64,121.05555725097656,58.9384880065918,0.03466796875,0.0263671875
D:\GitHub\AI-for-Agriculture-2026\dataset\train\RGB\Rust_hyper_38.png,ok,,64,64,128.80377197265625,58.90397644042969,0.02001953125,0.02001953125
D:\GitHub\AI-for-Agriculture-2026\dataset\train\RGB\Rust_hyper_39.png,ok,,64,64,86.60369873046875,56.207275390625,0.044921875,0.0244140625
D:\GitHub\AI-for-Agriculture-2026\dataset\train\RGB\Rust_hyper_4.png,ok,,64,64,122.89303588867188,61.57149887084961,0.029296875,0.021240234375
D:\GitHub\AI-for-Agriculture-2026\dataset\train\RGB\Rust_hyper_40.png,ok,,64,64,102.53459167480469,60.12205123901367,0.04443359375,0.013427734375
D:\GitHub\AI-for-Agriculture-2026\dataset\train\RGB\Rust_hyper_41.png,ok,,64,64,114.49307250976562,59.641971588134766,0.03125,0.026123046875
D:\GitHub\AI-for-Agriculture-2026\dataset\train\RGB\Rust_hyper_42.png,ok,,64,64,107.52452087402344,59.0177116394043,0.0390625,0.01806640625
D:\GitHub\AI-for-Agriculture-2026\dataset\train\RGB\Rust_hyper_43.png,ok,,64,64,118.60708618164062,62.4348258972168,0.03076171875,0.01953125
D:\GitHub\AI-for-Agriculture-2026\dataset\train\RGB\Rust_hyper_44.png,ok,,64,64,98.04925537109375,70.47380828857422,0.048583984375,0.0283203125
D:\GitHub\AI-for-Agriculture-2026\dataset\train\RGB\Rust_hyper_45.png,ok,,64,64,134.1569366455078,58.7135009765625,0.04052734375,0.01513671875
D:\GitHub\AI-for-Agriculture-2026\dataset\train\RGB\Rust_hyper_46.png,ok,,64,64,111.84476470947266,64.05436706542969,0.036865234375,0.0126953125
D:\GitHub\AI-for-Agriculture-2026\dataset\train\RGB\Rust_hyper_47.png,ok,,64,64,117.09150695800781,72.2781753540039,0.050048828125,0.03173828125
D:\GitHub\AI-for-Agriculture-2026\dataset\train\RGB\Rust_hyper_48.png,ok,,64,64,109.44781494140625,59.871212005615234,0.023193359375,0.025634765625
D:\GitHub\AI-for-Agriculture-2026\dataset\train\RGB\Rust_hyper_49.png,ok,,64,64,132.62501525878906,66.94396209716797,0.037109375,0.026611328125
D:\GitHub\AI-for-Agriculture-2026\dataset\train\RGB\Rust_hyper_5.png,ok,,64,64,113.95195007324219,59.5732307434082,0.041015625,0.025146484375
D:\GitHub\AI-for-Agriculture-2026\dataset\train\RGB\Rust_hyper_50.png,ok,,64,64,124.12486267089844,54.35862731933594,0.014892578125,0.017578125
D:\GitHub\AI-for-Agriculture-2026\dataset\train\RGB\Rust_hyper_51.png,ok,,64,64,111.98568725585938,61.79561996459961,0.033447265625,0.013671875
D:\GitHub\AI-for-Agriculture-2026\dataset\train\RGB\Rust_hyper_52.png,ok,,64,64,121.55366516113281,59.0880012512207,0.0185546875,0.02294921875
D:\GitHub\AI-for-Agriculture-2026\dataset\train\RGB\Rust_hyper_53.png,ok,,64,64,119.92296600341797,53.743080139160156,0.023681640625,0.001708984375
D:\GitHub\AI-for-Agriculture-2026\dataset\train\RGB\Rust_hyper_54.png,ok,,64,64,107.7939682006836,68.5289077758789,0.041748046875,0.027099609375
D:\GitHub\AI-for-Agriculture-2026\dataset\train\RGB\Rust_hyper_55.png,ok,,64,64,97.32943725585938,61.54850769042969,0.0498046875,0.02197265625
D:\GitHub\AI-for-Agriculture-2026\dataset\train\RGB\Rust_hyper_56.png,ok,,64,64,130.23643493652344,59.718360900878906,0.029052734375,0.015869140625
D:\GitHub\AI-for-Agriculture-2026\dataset\train\RGB\Rust_hyper_57.png,ok,,64,64,130.31570434570312,62.37748718261719,0.023193359375,0.019775390625
D:\GitHub\AI-for-Agriculture-2026\dataset\train\RGB\Rust_hyper_58.png,ok,,64,64,116.61370086669922,54.169986724853516,0.02392578125,0.0107421875
D:\GitHub\AI-for-Agriculture-2026\dataset\train\RGB\Rust_hyper_59.png,ok,,64,64,125.86524200439453,52.860572814941406,0.0263671875,0.0048828125
D:\GitHub\AI-for-Agriculture-2026\dataset\train\RGB\Rust_hyper_6.png,ok,,64,64,123.1502914428711,66.59580993652344,0.031982421875,0.02197265625
D:\GitHub\AI-for-Agriculture-2026\dataset\train\RGB\Rust_hyper_60.png,ok,,64,64,108.76655578613281,62.17061233520508,0.03466796875,0.02587890625
D:\GitHub\AI-for-Agriculture-2026\dataset\train\RGB\Rust_hyper_61.png,ok,,64,64,118.87909698486328,65.52867889404297,0.03466796875,0.016357421875
D:\GitHub\AI-for-Agriculture-2026\dataset\train\RGB\Rust_hyper_62.png,ok,,64,64,106.71073913574219,60.06697463989258,0.047607421875,0.005615234375
D:\GitHub\AI-for-Agriculture-2026\dataset\train\RGB\Rust_hyper_63.png,ok,,64,64,111.71651458740234,59.361793518066406,0.02978515625,0.01123046875
D:\GitHub\AI-for-Agriculture-2026\dataset\train\RGB\Rust_hyper_64.png,ok,,64,64,98.72014617919922,70.01681518554688,0.068603515625,0.031005859375
D:\GitHub\AI-for-Agriculture-2026\dataset\train\RGB\Rust_hyper_65.png,ok,,64,64,105.47660827636719,60.61048889160156,0.0458984375,0.0234375
D:\GitHub\AI-for-Agriculture-2026\dataset\train\RGB\Rust_hyper_66.png,ok,,64,64,119.6684341430664,52.66741943359375,0.0244140625,0.00927734375
D:\GitHub\AI-for-Agriculture-2026\dataset\train\RGB\Rust_hyper_67.png,ok,,64,64,119.07587432861328,63.11360549926758,0.0341796875,0.020263671875
D:\GitHub\AI-for-Agriculture-2026\dataset\train\RGB\Rust_hyper_68.png,ok,,64,64,107.56816101074219,63.64687728881836,0.04150390625,0.015869140625
D:\GitHub\AI-for-Agriculture-2026\dataset\train\RGB\Rust_hyper_69.png,ok,,64,64,109.78902435302734,64.23475646972656,0.037841796875,0.018310546875
D:\GitHub\AI-for-Agriculture-2026\dataset\train\RGB\Rust_hyper_7.png,ok,,64,64,113.73410034179688,64.93707275390625,0.0419921875,0.027099609375
D:\GitHub\AI-for-Agriculture-2026\dataset\train\RGB\Rust_hyper_70.png,ok,,64,64,122.38014221191406,63.21809768676758,0.026123046875,0.009765625
D:\GitHub\AI-for-Agriculture-2026\dataset\train\RGB\Rust_hyper_71.png,ok,,64,64,113.78469848632812,58.04288101196289,0.02490234375,0.01513671875
D:\GitHub\AI-for-Agriculture-2026\dataset\train\RGB\Rust_hyper_72.png,ok,,64,64,116.30662536621094,53.721702575683594,0.0205078125,0.0009765625
D:\GitHub\AI-for-Agriculture-2026\dataset\train\RGB\Rust_hyper_73.png,ok,,64,64,104.4290542602539,67.74771118164062,0.04345703125,0.02783203125
D:\GitHub\AI-for-Agriculture-2026\dataset\train\RGB\Rust_hyper_74.png,ok,,64,64,119.22578430175781,54.94291305541992,0.023193359375,0.005126953125
D:\GitHub\AI-for-Agriculture-2026\dataset\train\RGB\Rust_hyper_75.png,ok,,64,64,107.30843353271484,61.34382247924805,0.034423828125,0.01025390625
D:\GitHub\AI-for-Agriculture-2026\dataset\train\RGB\Rust_hyper_76.png,ok,,64,64,108.6728286743164,54.761558532714844,0.0224609375,0.022216796875
D:\GitHub\AI-for-Agriculture-2026\dataset\train\RGB\Rust_hyper_77.png,ok,,64,64,124.00732421875,62.53277587890625,0.023193359375,0.009521484375
D:\GitHub\AI-for-Agriculture-2026\dataset\train\RGB\Rust_hyper_78.png,ok,,64,64,107.81105041503906,63.638858795166016,0.0498046875,0.025146484375
D:\GitHub\AI-for-Agriculture-2026\dataset\train\RGB\Rust_hyper_79.png,ok,,64,64,130.25347900390625,54.79154968261719,0.0224609375,0.01416015625
D:\GitHub\AI-for-Agriculture-2026\dataset\train\RGB\Rust_hyper_8.png,ok,,64,64,117.64382934570312,53.52890396118164,0.040771484375,0.004150390625
D:\GitHub\AI-for-Agriculture-2026\dataset\train\RGB\Rust_hyper_80.png,ok,,64,64,123.98826599121094,59.41572189331055,0.030029296875,0.028076171875
D:\GitHub\AI-for-Agriculture-2026\dataset\train\RGB\Rust_hyper_81.png,ok,,64,64,112.88873291015625,55.87456512451172,0.026123046875,0.021240234375
D:\GitHub\AI-for-Agriculture-2026\dataset\train\RGB\Rust_hyper_82.png,ok,,64,64,132.73326110839844,65.35859680175781,0.044189453125,0.019287109375
D:\GitHub\AI-for-Agriculture-2026\dataset\train\RGB\Rust_hyper_83.png,ok,,64,64,124.11434173583984,62.37528610229492,0.041015625,0.02197265625
D:\GitHub\AI-for-Agriculture-2026\dataset\train\RGB\Rust_hyper_84.png,ok,,64,64,105.71073150634766,54.50363540649414,0.035888671875,0.013427734375
D:\GitHub\AI-for-Agriculture-2026\dataset\train\RGB\Rust_hyper_85.png,ok,,64,64,92.58351135253906,70.54574584960938,0.054931640625,0.031005859375
D:\GitHub\AI-for-Agriculture-2026\dataset\train\RGB\Rust_hyper_86.png,ok,,64,64,117.62803649902344,60.901241302490234,0.037109375,0.01171875
D:\GitHub\AI-for-Agriculture-2026\dataset\train\RGB\Rust_hyper_87.png,ok,,64,64,110.63473510742188,58.70380401611328,0.029296875,0.02001953125
D:\GitHub\AI-for-Agriculture-2026\dataset\train\RGB\Rust_hyper_88.png,ok,,64,64,106.58029174804688,62.865970611572266,0.036865234375,0.02392578125
D:\GitHub\AI-for-Agriculture-2026\dataset\train\RGB\Rust_hyper_89.png,ok,,64,64,103.5054931640625,51.96599197387695,0.021484375,0.0
D:\GitHub\AI-for-Agriculture-2026\dataset\train\RGB\Rust_hyper_9.png,ok,,64,64,114.8759536743164,59.57780075073242,0.02978515625,0.0185546875
D:\GitHub\AI-for-Agriculture-2026\dataset\train\RGB\Rust_hyper_90.png,ok,,64,64,118.10356140136719,63.01156234741211,0.037841796875,0.026123046875
D:\GitHub\AI-for-Agriculture-2026\dataset\train\RGB\Rust_hyper_91.png,ok,,64,64,127.94388580322266,65.4051284790039,0.032470703125,0.0087890625
D:\GitHub\AI-for-Agriculture-2026\dataset\train\RGB\Rust_hyper_92.png,ok,,64,64,104.26825714111328,53.929603576660156,0.036865234375,0.0
D:\GitHub\AI-for-Agriculture-2026\dataset\train\RGB\Rust_hyper_93.png,ok,,64,64,126.27794647216797,64.42845153808594,0.044921875,0.0224609375
D:\GitHub\AI-for-Agriculture-2026\dataset\train\RGB\Rust_hyper_94.png,ok,,64,64,110.27483367919922,57.21071243286133,0.029052734375,0.01904296875
D:\GitHub\AI-for-Agriculture-2026\dataset\train\RGB\Rust_hyper_95.png,ok,,64,64,129.50364685058594,55.97015380859375,0.029541015625,0.013916015625
D:\GitHub\AI-for-Agriculture-2026\dataset\train\RGB\Rust_hyper_96.png,ok,,64,64,125.59580993652344,55.853267669677734,0.029296875,0.019775390625
D:\GitHub\AI-for-Agriculture-2026\dataset\train\RGB\Rust_hyper_97.png,ok,,64,64,120.7122802734375,54.40448760986328,0.0302734375,0.010498046875
D:\GitHub\AI-for-Agriculture-2026\dataset\train\RGB\Rust_hyper_98.png,ok,,64,64,149.5682373046875,54.45846176147461,0.029541015625,0.02783203125
D:\GitHub\AI-for-Agriculture-2026\dataset\train\RGB\Rust_hyper_99.png,ok,,64,64,100.78280639648438,62.27639389038086,0.033447265625,0.024658203125
